run_id,topic_id,platform,title,keyword,structure_slot,lead_slot,rhythm_slot,style_slot,ending_slot,transition_signature,avg_sentence_length,paragraph_count,penalty_structure,penalty_rhythm,penalty_style,penalty_transition,penalty_ending,penalty_duplication_soft,total_penalty,best_similarity_score,best_structural_score,decision,decision_reason,rewrite_attempt,article_source,api_elapsed_seconds,attempt_elapsed_seconds,created_at
2026-05-12_1,20260503_naver_001_노션템플릿만들기,naver,노션 템플릿 만들기 실무에서 이 순서로 쓰면 됩니다,노션 템플릿 만들기,workflow_playbook,workflow_playbook_lead_1,action_first,operator_brief,conclusion_1,handoff_first,54.24,30,0,0,0,0,0,0,0,0.0278,0.0,accepted,no major diversity concentration detected,1,api,37.965,38.024,2026-05-12 15:32:09
2026-05-12_2,20260512_naver_001_git브랜치충돌발생시실무해결팁,naver,Git 브랜치 충돌 발생 시 실무 해결 팁 원인과 해결 방법,Git 브랜치 충돌 발생 시 실무 해결 팁,problem_solution,problem_solution_lead_3,standard,operator_brief,conclusion_3,handoff_first,60.8,83,0,0,0,0,0,0,0,0.0329,0.0,accepted,no major diversity concentration detected,1,local,0.004,0.019,2026-05-12 15:55:48
2026-05-12_2,20260512_naver_002_3m모델로ppt문제원인분석하는사용법,naver,3M 모델로 PPT 문제 원인 분석하는 사용법 사용할 때 알아야 할 것,3M 모델로 PPT 문제 원인 분석하는 사용법,checklist_review,checklist_review_lead_1,action_first,operator_brief,conclusion_3,scope_first,55.19,77,0,0,12,0,8,0,20,0.1146,0.1843,accepted,style slot repeated in recent outputs; ending slot repeated,1,local,0.001,0.031,2026-05-12 15:55:48
2026-05-12_2,20260512_naver_003_ppt트러스트센터설정으로보안오류해결하,naver,PPT 트러스트 센터 설정으로 보안 오류 해결하기 원인과 해결 방법,PPT 트러스트 센터 설정으로 보안 오류 해결하기,problem_solution,problem_solution_lead_3,standard,field_note,conclusion_3,scope_first,61.28,83,0,0,0,8,8,0,16,0.2666,0.3166,accepted,transition signature repeated; ending slot repeated,1,local,0.002,0.044,2026-05-12 15:55:48
2026-05-12_2,20260512_blogspot_kr_004_vpn초보자가입부터설정까지단계별사용법,blogspot_kr,VPN 초보자 가입부터 설정까지 단계별 사용법 처음 시작하는 방법,VPN 초보자 가입부터 설정까지 단계별 사용법,decision_guide,decision_guide_lead_2,standard,field_note,conclusion_2,scope_first,61.77,79,0,10,12,8,0,0,30,0.3848,0.3961,accepted,same rhythm slot as previous output; style slot repeated in recent outputs; transition signature repeated,1,local,0.028,0.113,2026-05-12 15:55:48
2026-05-12_3,20260512_naver_005_셀병합문제해결하고보고서만들기,naver,셀 병합 문제 해결하고 보고서 만들기 원인과 해결 방법,셀 병합 문제 해결하고 보고서 만들기,problem_solution,problem_solution_lead_1,standard,field_note,conclusion_1,scope_first,61.36,87,0,0,0,0,0,0,0,0.3323,0.361,accepted,no major diversity concentration detected,1,local,0.002,0.026,2026-05-12 15:56:52
2026-05-12_3,20260512_blogspot_kr_006_unityvscode자동완성안됨,blogspot_kr,unity vscode 자동완성 안됨 원인과 해결 방법,unity vscode 자동완성 안됨,problem_solution,problem_solution_lead_3,action_first,field_note,conclusion_3,handoff_first,62.35,83,15,0,12,0,0,0,27,0.3552,0.386,accepted,same structure slot as previous output; style slot repeated in recent outputs,1,local,0.001,0.04,2026-05-12 15:56:53
2026-05-12_3,20260512_tistory_008_워드기본적으로컴퓨터에저장안됨,tistory,워드 기본적 으로 컴퓨터에 저장 안됨 원인과 해결 방법,워드 기본적 으로 컴퓨터에 저장 안됨,problem_solution,problem_solution_lead_1,standard,field_note,conclusion_1,scope_first,61.4,87,25,0,12,8,0,0,45,0.3919,0.4307,accepted,same structure slot as previous output; structure slot concentrated in recent outputs; style slot repeated in recent outputs; transition signature repeated,1,local,0.095,0.187,2026-05-12 15:56:53
2026-05-12_3,20260512_tistory_007_윈도우11디스플레이설정오류,tistory,윈도우 11 디스플레이 설정 오류 원인과 해결 방법,윈도우 11 디스플레이 설정 오류,problem_solution,problem_solution_lead_1,action_first,field_note,conclusion_1,scope_first,60.73,87,25,10,12,8,0,0,55,0.5529,0.4661,similarity_retry,same structure slot as previous output; structure slot concentrated in recent outputs; same rhythm slot as previous output; style slot repeated in recent outputs; transition signature repeated,1,local,0.001,0.056,2026-05-12 15:56:53
2026-05-12_3,20260512_tistory_007_윈도우11디스플레이설정오류,tistory,윈도우 11 디스플레이 설정 오류 원인과 해결 방법,윈도우 11 디스플레이 설정 오류,comparison_guide,comparison_guide_lead_2,action_first,operator_brief,conclusion_2,rollback_first,54.97,73,0,0,0,0,0,0,0,0.1266,0.1864,accepted,no major diversity concentration detected,2,local,0.001,0.185,2026-05-12 15:56:53
2026-05-12_4,20260512_blogspot_kr_009_powerpoint기본글꼴설정,blogspot_kr,powerpoint 기본 글꼴 설정 제대로 설정하는 방법,powerpoint 기본 글꼴 설정,workflow_playbook,workflow_playbook_lead_1,standard,field_note,conclusion_1,scope_first,61.7,92,0,0,0,0,0,0,0,0.3404,0.3459,accepted,no major diversity concentration detected,1,local,0.002,0.018,2026-05-12 15:59:28
2026-05-12_4,20260512_tistory_010_아웃룩오류날때방법,tistory,아웃룩 오류날 때 방법 원인과 해결 방법,아웃룩 오류날 때 방법,problem_solution,problem_solution_lead_2,action_first,field_note,conclusion_2,scope_first,60.33,79,0,0,12,8,0,0,20,0.4086,0.4123,accepted,style slot repeated in recent outputs; transition signature repeated,1,local,0.001,0.034,2026-05-12 15:59:28
2026-05-12_4,20260512_blogspot_kr_011_원드라이브오류해결방법,blogspot_kr,원드라이브 오류 해결방법 원인과 해결 방법,원드라이브 오류 해결방법,problem_solution,problem_solution_lead_2,action_first,operator_brief,conclusion_2,scope_first,60.18,79,15,10,0,8,18,0,51,0.4942,0.431,accepted,same structure slot as previous output; same rhythm slot as previous output; transition signature repeated; ending slot repeated; same structure and ending pairing repeated,1,local,0.001,0.048,2026-05-12 15:59:28
2026-05-12_4,20260512_tistory_012_onedrive설정안열림,tistory,onedrive 설정 안 열림 제대로 설정하는 방법,onedrive 설정 안 열림,problem_solution,problem_solution_lead_1,standard,field_note,conclusion_1,scope_first,60.5,87,25,0,12,8,0,0,45,0.4407,0.4136,accepted,same structure slot as previous output; structure slot concentrated in recent outputs; style slot repeated in recent outputs; transition signature repeated,1,local,0.067,0.154,2026-05-12 15:59:28
2026-05-12_5,20260512_naver_001_onenote해결방법,naver,one note 해결방법 원인과 해결 방법,one note 해결방법,problem_solution,problem_solution_lead_3,standard,operator_brief,conclusion_3,handoff_first,59.68,83,0,0,0,0,0,0,0,0.4591,0.4084,accepted,no major diversity concentration detected,1,local,0.003,0.017,2026-05-12 15:59:51
2026-05-12_5,20260512_naver_002_엑셀com애드인비활성화로충돌오류잡기,naver,엑셀 COM 애드인 비활성화로 충돌 오류 잡기 원인과 해결 방법,엑셀 COM 애드인 비활성화로 충돌 오류 잡기,problem_solution,problem_solution_lead_3,action_first,operator_brief,conclusion_3,handoff_first,60.5,83,15,0,12,8,18,0,53,0.4032,0.4116,accepted,same structure slot as previous output; style slot repeated in recent outputs; transition signature repeated; ending slot repeated; same structure and ending pairing repeated,1,local,0.001,0.03,2026-05-12 15:59:52
2026-05-12_5,20260512_naver_004_word에문제가발생했습니다,naver,word 에 문제 가 발생 했습니다 사용할 때 알아야 할 것,word 에 문제 가 발생 했습니다,problem_solution,problem_solution_lead_3,standard,operator_brief,conclusion_3,handoff_first,60.71,83,25,0,12,8,18,0,63,0.4125,0.4609,accepted,same structure slot as previous output; structure slot concentrated in recent outputs; style slot repeated in recent outputs; transition signature repeated; ending slot repeated; same structure and ending pairing repeated,1,local,0.001,0.085,2026-05-12 15:59:52
2026-05-12_5,20260512_naver_003_word오류책갈피가정의되어있지않습니다,naver,word 오류 책갈피가 정의되어 있지 않습니다 원인과 해결 방법,word 오류 책갈피가 정의되어 있지 않습니다,problem_solution,problem_solution_lead_3,action_first,operator_brief,conclusion_3,handoff_first,60.6,83,25,10,12,8,18,0,73,0.44,0.4513,quality_penalty,same structure slot as previous output; structure slot concentrated in recent outputs; same rhythm slot as previous output; style slot repeated in recent outputs; transition signature repeated; ending slot repeated; same structure and ending pairing repeated,1,local,0.001,0.045,2026-05-12 15:59:52
2026-05-12_5,20260512_naver_003_word오류책갈피가정의되어있지않습니다,naver,word 오류 책갈피가 정의되어 있지 않습니다 원인과 해결 방법,word 오류 책갈피가 정의되어 있지 않습니다,workflow_playbook,workflow_playbook_lead_1,standard,coaching_mode,conclusion_1,review_first,61.51,92,0,10,0,0,0,0,10,0.2736,0.3687,accepted,same rhythm slot as previous output,2,local,0.001,0.325,2026-05-12 15:59:53
2026-05-12_1,20260512_blogspot_kr_005_word콘텐츠에문제가발견되어,blogspot_kr,word 콘텐츠에 문제가 발견되어 사용할 때 알아야 할 것,word 콘텐츠에 문제가 발견되어,problem_solution,problem_solution_lead_1,action_first,field_note,conclusion_1,handoff_first,61.41,87,0,0,0,0,0,0,0,0.0281,0.0,accepted,no major diversity concentration detected,1,local,0.002,0.017,2026-05-12 16:07:03
2026-05-12_1,20260512_tistory_006_워드안전모드실행하고문제진단하기,tistory,워드 안전 모드 실행하고 문제 진단하기 사용할 때 알아야 할 것,워드 안전 모드 실행하고 문제 진단하기,problem_solution,problem_solution_lead_2,action_first,operator_brief,conclusion_2,scope_first,61.4,79,15,10,0,0,0,0,25,0.3848,0.4322,accepted,same structure slot as previous output; same rhythm slot as previous output,1,local,0.001,0.032,2026-05-12 16:07:03
2026-05-12_1,20260512_blogspot_kr_007_비즈니스ppt문제점제시후실행계획제안하,blogspot_kr,비즈니스 PPT 문제점 제시 후 실행 계획 제안하는 법 사용할 때 알아야 할 것,비즈니스 PPT 문제점 제시 후 실행 계획 제안하는 법,workflow_playbook,workflow_playbook_lead_1,standard,operator_brief,conclusion_1,handoff_first,62.92,92,0,0,12,8,0,0,20,0.2164,0.2934,accepted,style slot repeated in recent outputs; transition signature repeated,1,local,0.001,0.046,2026-05-12 16:07:04
2026-05-12_1,20260512_blogspot_kr_008_cadconnectexcel오류,blogspot_kr,cad connect excel 오류 원인과 해결 방법,cad connect excel 오류,decision_guide,decision_guide_lead_3,standard,operator_brief,conclusion_3,handoff_first,60.66,83,0,10,12,8,0,0,30,0.2458,0.3149,accepted,same rhythm slot as previous output; style slot repeated in recent outputs; transition signature repeated,1,local,0.024,0.113,2026-05-12 16:07:04
2026-05-12_2,20260512_blogspot_kr_009_unityplayerdll오류,blogspot_kr,unity player dll 오류 원인과 해결 방법,unity player dll 오류,problem_solution,problem_solution_lead_3,standard,operator_brief,conclusion_3,handoff_first,62.27,83,0,0,0,0,0,0,0,0.265,0.3354,accepted,no major diversity concentration detected,1,local,0.003,0.026,2026-05-12 16:07:32
2026-05-12_2,20260512_tistory_010_microsoft365설치오류,tistory,microsoft 365 설치 오류 원인과 해결 방법,microsoft 365 설치 오류,problem_solution,problem_solution_lead_3,action_first,operator_brief,conclusion_3,handoff_first,60.66,83,15,0,12,8,18,0,53,0.3296,0.3795,accepted,same structure slot as previous output; style slot repeated in recent outputs; transition signature repeated; ending slot repeated; same structure and ending pairing repeated,1,local,0.002,0.04,2026-05-12 16:07:32
2026-05-12_2,20260512_tistory_011_microsoft365구독에문제가발생,tistory,Microsoft 365 구독에 문제가 발생했으며 사용할 때 알아야 할 것,Microsoft 365 구독에 문제가 발생했으며,problem_solution,problem_solution_lead_1,standard,field_note,conclusion_1,scope_first,61.83,87,25,0,0,0,0,0,25,0.3725,0.4215,accepted,same structure slot as previous output; structure slot concentrated in recent outputs,1,local,0.001,0.056,2026-05-12 16:07:32
2026-05-12_2,20260512_tistory_012_워드오류참조원본을찾을수없습니다,tistory,워드 오류 참조 원본을 찾을 수 없습니다 원인과 해결 방법,워드 오류 참조 원본을 찾을 수 없습니다,problem_solution,problem_solution_lead_1,action_first,operator_brief,conclusion_1,handoff_first,61.46,87,25,0,12,8,18,0,63,0.5118,0.5327,accepted,same structure slot as previous output; structure slot concentrated in recent outputs; style slot repeated in recent outputs; transition signature repeated; ending slot repeated; same structure and ending pairing repeated,1,local,0.065,0.164,2026-05-12 16:07:32
2026-05-12_3,20260512_naver_001_워드오류로인해내보내지못했습니다,naver,워드 오류로 인해 내보내지 못했습니다 원인과 해결 방법,워드 오류로 인해 내보내지 못했습니다,problem_solution,problem_solution_lead_3,standard,operator_brief,conclusion_3,handoff_first,60.23,83,0,0,0,0,0,0,0,0.3742,0.4267,accepted,no major diversity concentration detected,1,local,0.002,0.016,2026-05-12 16:08:50
2026-05-12_3,20260512_naver_002_powerpoint저장중오류가발생했습,naver,powerpoint 저장 중 오류가 발생했습니다 원인과 해결 방법,powerpoint 저장 중 오류가 발생했습니다,problem_solution,problem_solution_lead_1,action_first,field_note,conclusion_1,scope_first,62.03,87,15,0,0,0,0,0,15,0.2984,0.3452,accepted,same structure slot as previous output,1,local,0.001,0.032,2026-05-12 16:08:50
2026-05-12_3,20260512_naver_003_powerpoint동영상재생안됨,naver,powerpoint 동영상 재생 안됨 원인과 해결 방법,powerpoint 동영상 재생 안됨,problem_solution,problem_solution_lead_2,action_first,field_note,conclusion_2,scope_first,61.77,79,25,10,12,8,0,0,55,0.35,0.3761,accepted,same structure slot as previous output; structure slot concentrated in recent outputs; same rhythm slot as previous output; style slot repeated in recent outputs; transition signature repeated,1,local,0.001,0.046,2026-05-12 16:08:50
2026-05-12_3,20260512_naver_004_powerpoint내용에문제가있습니다,naver,powerpoint 내용 에 문제 가 있습니다 사용할 때 알아야 할 것,powerpoint 내용 에 문제 가 있습니다,problem_solution,problem_solution_lead_3,standard,field_note,conclusion_3,scope_first,61.28,83,25,0,12,8,0,0,45,0.4537,0.4592,accepted,same structure slot as previous output; structure slot concentrated in recent outputs; style slot repeated in recent outputs; transition signature repeated,1,local,0.165,0.254,2026-05-12 16:08:51
2026-05-12_4,20260512_blogspot_kr_001_ai를활용한ppt만들기,blogspot_kr,ai를 활용한 ppt 만들기 시작 전 꼭 확인해야 할 것 정리,ai를 활용한 ppt 만들기,checklist_review,checklist_review_lead_2,action_first,operator_brief,conclusion_1,handoff_first,56.13,81,0,0,0,0,0,0,0,0.1877,0.2586,accepted,no major diversity concentration detected,1,local,0.002,0.017,2026-05-12 16:18:21
2026-05-12_4,20260512_tistory_002_vscode유니티설정,tistory,vscode 유니티 설정 차이점과 선택 기준 정리,vscode 유니티 설정,checklist_review,checklist_review_lead_1,action_first,field_note,conclusion_1,scope_first,56.37,81,15,10,0,0,18,0,43,0.2654,0.345,accepted,same structure slot as previous output; same rhythm slot as previous output; ending slot repeated; same structure and ending pairing repeated,1,local,0.001,0.033,2026-05-12 16:18:21
2026-05-12_4,20260512_naver_003_git브랜치충돌발생시실무해결팁,naver,Git 브랜치 충돌 발생 시 실무 해결 팁 원인과 해결 방법,Git 브랜치 충돌 발생 시 실무 해결 팁,problem_solution,problem_solution_lead_2,standard,field_note,conclusion_2,handoff_first,61.69,79,0,0,12,8,0,0,20,0.4397,0.4356,accepted,style slot repeated in recent outputs; transition signature repeated,1,local,0.001,0.048,2026-05-12 16:18:21
2026-05-12_4,20260512_naver_004_3m모델로ppt문제원인분석하는사용법,naver,3M 모델로 PPT 문제 원인 분석하는 사용법 원인과 해결 방법,3M 모델로 PPT 문제 원인 분석하는 사용법,checklist_review,checklist_review_lead_1,standard,field_note,conclusion_3,scope_first,55.38,77,10,10,12,8,0,0,40,0.418,0.4134,accepted,structure slot concentrated in recent outputs; same rhythm slot as previous output; style slot repeated in recent outputs; transition signature repeated,1,local,0.115,0.207,2026-05-12 16:18:21
2026-05-12_5,20260512_naver_005_ppt트러스트센터설정으로보안오류해결하,naver,PPT 트러스트 센터 설정으로 보안 오류 해결하기 원인과 해결 방법,PPT 트러스트 센터 설정으로 보안 오류 해결하기,problem_solution,problem_solution_lead_1,standard,field_note,conclusion_1,scope_first,62.23,87,0,0,0,0,0,0,0,0.5475,0.5478,accepted,no major diversity concentration detected,1,local,0.002,0.027,2026-05-12 16:18:45
2026-05-12_5,20260512_blogspot_kr_006_vpn초보자가입부터설정까지단계별사용법,blogspot_kr,VPN 초보자 가입부터 설정까지 단계별 사용법 언제 쓰고 언제 멈춰야 하나,VPN 초보자 가입부터 설정까지 단계별 사용법,decision_guide,decision_guide_lead_2,action_first,operator_brief,conclusion_2,handoff_first,61.77,79,0,0,0,0,0,0,0,0.4272,0.4492,accepted,no major diversity concentration detected,1,local,0.001,0.042,2026-05-12 16:18:46
2026-05-12_5,20260512_naver_007_셀병합문제해결하고보고서만들기,naver,셀 병합 문제 해결하고 보고서 만들기 원인과 해결 방법,셀 병합 문제 해결하고 보고서 만들기,problem_solution,problem_solution_lead_3,standard,field_note,conclusion_3,scope_first,60.76,83,0,0,12,8,0,0,20,0.4691,0.4793,accepted,style slot repeated in recent outputs; transition signature repeated,1,local,0.001,0.056,2026-05-12 16:18:46
2026-05-12_5,20260512_blogspot_kr_008_unityvscode자동완성안됨,blogspot_kr,unity vscode 자동완성 안됨 원인과 해결 방법,unity vscode 자동완성 안됨,problem_solution,problem_solution_lead_2,action_first,field_note,conclusion_2,handoff_first,62.38,79,25,0,12,8,0,0,45,0.3242,0.3587,accepted,same structure slot as previous output; structure slot concentrated in recent outputs; style slot repeated in recent outputs; transition signature repeated,1,local,0.086,0.187,2026-05-12 16:18:46
2026-05-12_1,20260512_naver_001_microsoft365copilot오,naver,microsoft 365 copilot 오류 원인과 해결 방법,microsoft 365 copilot 오류,problem_solution,problem_solution_lead_3,standard,operator_brief,conclusion_3,handoff_first,61.14,83,0,0,0,0,0,0,0,0.0292,0.0,accepted,no major diversity concentration detected,1,local,0.001,0.017,2026-05-12 16:21:56
2026-05-12_1,20260512_tistory_002_microsoftteams정리,tistory,Microsoft Teams 정리 실무에서 바로 쓰는 방법,Microsoft Teams 정리,checklist_review,checklist_review_lead_2,action_first,operator_brief,conclusion_2,scope_first,55.38,73,0,0,12,0,0,0,12,0.0765,0.0,accepted,style slot repeated in recent outputs,1,local,0.001,0.036,2026-05-12 16:21:56
2026-05-12_1,20260512_tistory_003_microsoftteams활용,tistory,microsoft teams 활용 실무에서 바로 쓰는 방법,microsoft teams 활용,checklist_review,checklist_review_lead_1,standard,field_note,conclusion_3,scope_first,54.71,77,15,0,0,8,0,0,23,0.4143,0.3899,accepted,same structure slot as previous output; transition signature repeated,1,local,0.001,0.05,2026-05-12 16:21:56
2026-05-12_1,20260512_tistory_004_vscode파이썬설정,tistory,vscode 파이썬 설정 차이점과 선택 기준 정리,vscode 파이썬 설정,problem_solution,problem_solution_lead_3,action_first,operator_brief,conclusion_3,handoff_first,59.69,83,0,0,12,0,8,0,20,0.4555,0.4236,accepted,style slot repeated in recent outputs; ending slot repeated,1,local,0.002,0.065,2026-05-12 16:21:57
2026-05-12_2,20260512_naver_006_3m모델로ppt문제원인분석하는사용법,naver,3M 모델로 PPT 문제 원인 분석하는 사용법 원인과 해결 방법,3M 모델로 PPT 문제 원인 분석하는 사용법,checklist_review,checklist_review_lead_1,standard,operator_brief,conclusion_1,handoff_first,55.9,81,0,0,0,0,0,0,0,0.2718,0.3726,accepted,no major diversity concentration detected,1,local,0.002,0.047,2026-05-12 16:22:16
2026-05-12_2,20260512_naver_007_ppt트러스트센터설정으로보안오류해결하,naver,PPT 트러스트 센터 설정으로 보안 오류 해결하기 원인과 해결 방법,PPT 트러스트 센터 설정으로 보안 오류 해결하기,problem_solution,problem_solution_lead_3,standard,field_note,conclusion_3,scope_first,61.38,83,0,10,0,0,0,0,10,0.2985,0.3663,accepted,same rhythm slot as previous output,1,local,0.001,0.061,2026-05-12 16:22:17
2026-05-12_2,20260512_blogspot_kr_008_vpn초보자가입부터설정까지단계별사용법,blogspot_kr,VPN 초보자 가입부터 설정까지 단계별 사용법 선택 전에 확인해야 할 것,VPN 초보자 가입부터 설정까지 단계별 사용법,decision_guide,decision_guide_lead_1,standard,operator_brief,conclusion_1,handoff_first,61.41,87,0,10,12,8,0,0,30,0.3565,0.3838,accepted,same rhythm slot as previous output; style slot repeated in recent outputs; transition signature repeated,1,local,0.032,0.119,2026-05-12 16:22:17
2026-05-12_2,20260512_naver_005_git브랜치충돌발생시실무해결팁,naver,Git 브랜치 충돌 발생 시 실무 해결 팁 원인과 해결 방법,Git 브랜치 충돌 발생 시 실무 해결 팁,problem_solution,problem_solution_lead_3,standard,operator_brief,conclusion_3,handoff_first,60.8,83,0,0,0,0,0,0,0,0.5692,0.4884,similarity_retry,no major diversity concentration detected,1,local,0.002,0.03,2026-05-12 16:22:16
2026-05-12_2,20260512_naver_005_git브랜치충돌발생시실무해결팁,naver,Git 브랜치 충돌 발생 시 실무 해결 팁 원인과 해결 방법,Git 브랜치 충돌 발생 시 실무 해결 팁,comparison_guide,comparison_guide_lead_2,evidence_led,field_note,conclusion_1,review_first,55.64,81,0,0,12,0,8,0,20,0.1391,0.2153,accepted,style slot repeated in recent outputs; ending slot repeated,2,local,0.001,0.449,2026-05-12 16:22:17
2026-05-12_3,20260512_tistory_009_셀병합문제해결하고보고서만들기,tistory,셀 병합 문제 해결하고 보고서 만들기 원인과 해결 방법,셀 병합 문제 해결하고 보고서 만들기,problem_solution,problem_solution_lead_1,standard,field_note,conclusion_1,scope_first,61.26,87,0,0,0,0,0,0,0,0.4116,0.4023,accepted,no major diversity concentration detected,1,local,0.002,0.025,2026-05-12 16:22:45
2026-05-12_3,20260512_blogspot_kr_010_unityvscode자동완성안됨,blogspot_kr,unity vscode 자동완성 안됨 원인과 해결 방법,unity vscode 자동완성 안됨,problem_solution,problem_solution_lead_3,action_first,field_note,conclusion_3,handoff_first,62.44,83,15,0,12,0,0,0,27,0.355,0.3849,accepted,same structure slot as previous output; style slot repeated in recent outputs,1,local,0.001,0.039,2026-05-12 16:22:45
2026-05-12_3,20260512_blogspot_kr_012_워드기본적으로컴퓨터에저장안됨,blogspot_kr,워드 기본적 으로 컴퓨터에 저장 안됨 원인과 해결 방법,워드 기본적 으로 컴퓨터에 저장 안됨,problem_solution,problem_solution_lead_1,standard,field_note,conclusion_1,scope_first,61.42,87,25,0,12,8,0,0,45,0.3913,0.4206,accepted,same structure slot as previous output; structure slot concentrated in recent outputs; style slot repeated in recent outputs; transition signature repeated,1,local,0.063,0.169,2026-05-12 16:22:46
2026-05-12_3,20260512_blogspot_kr_011_윈도우11디스플레이설정오류,blogspot_kr,윈도우 11 디스플레이 설정 오류 원인과 해결 방법,윈도우 11 디스플레이 설정 오류,problem_solution,problem_solution_lead_1,action_first,field_note,conclusion_1,scope_first,60.63,87,25,10,12,8,0,0,55,0.5527,0.4355,similarity_retry,same structure slot as previous output; structure slot concentrated in recent outputs; same rhythm slot as previous output; style slot repeated in recent outputs; transition signature repeated,1,local,0.001,0.053,2026-05-12 16:22:45
2026-05-12_3,20260512_blogspot_kr_011_윈도우11디스플레이설정오류,blogspot_kr,윈도우 11 디스플레이 설정 오류 원인과 해결 방법,윈도우 11 디스플레이 설정 오류,comparison_guide,comparison_guide_lead_2,action_first,operator_brief,conclusion_2,rollback_first,55.05,73,0,0,0,0,0,0,0,0.4261,0.3804,accepted,no major diversity concentration detected,2,local,0.001,0.234,2026-05-12 16:22:46
2026-05-12_4,20260512_naver_002_원드라이브오류해결방법,naver,원드라이브 오류 해결방법 해결 전에 먼저 확인할 것,원드라이브 오류 해결방법,checklist_review,checklist_review_lead_2,standard,operator_brief,conclusion_2,scope_first,35.35,44,0,0,0,0,0,0,0,0.0921,0.1631,accepted,no major diversity concentration detected,1,local+claude+fix1,123.628,123.656,2026-05-12 17:34:04
2026-05-12_4,20260512_naver_001_아웃룩오류날때방법,naver,아웃룩 오류날 때 방법 문제를 줄이는 실무 처리 순서,아웃룩 오류날 때 방법,checklist_review,checklist_review_lead_1,action_first,field_note,conclusion_3,handoff_first,33.3,45,15,0,0,0,0,0,15,0.0955,0.1435,accepted,same structure slot as previous output,1,local+claude+fix1,138.927,138.941,2026-05-12 17:34:19
2026-05-12_4,20260512_naver_003_onedrive설정안열림,naver,onedrive 설정 안 열림 해결 전에 먼저 확인할 것,onedrive 설정 안 열림,workflow_playbook,workflow_playbook_lead_1,action_first,field_note,conclusion_1,scope_first,59.35,50,0,10,12,8,0,0,30,0.1091,0.1384,accepted,same rhythm slot as previous output; style slot repeated in recent outputs; transition signature repeated,1,local+claude+fix1,141.645,141.689,2026-05-12 17:34:22
2026-05-12_4,20260512_naver_004_onenote해결방법,naver,one note 해결방법 원인과 해결 방법,one note 해결방법,workflow_playbook,workflow_playbook_lead_3,standard,field_note,conclusion_3,scope_first,71.34,47,15,0,12,8,0,0,35,0.294,0.3239,accepted,same structure slot as previous output; style slot repeated in recent outputs; transition signature repeated,1,local+claude+fix1,144.167,144.226,2026-05-12 17:34:25
2026-05-12_1,20260512_naver_003_워드오류책갈피가정의되어있지않습니다,naver,워드 오류 책갈피가 정의되어 있지 않습니다 자주 생기는 이유와 점검 순서,워드 오류 책갈피가 정의되어 있지 않습니다,problem_solution,problem_solution_lead_3,standard,field_note,conclusion_3,scope_first,47.88,34,0,0,0,0,0,0,0,0.0301,0.0,accepted,no major diversity concentration detected,1,local+claude+fix1,115.394,115.437,2026-05-12 17:44:53
2026-05-12_1,20260512_naver_001_트렐로자동화규칙작동안함,naver,트렐로 자동화 규칙 작동 안함 원인과 해결 방법,트렐로 자동화 규칙 작동 안함,workflow_playbook,workflow_playbook_lead_1,standard,operator_brief,conclusion_1,handoff_first,49.01,34,0,10,0,0,0,0,10,0.0847,0.1402,accepted,same rhythm slot as previous output,1,local+claude+fix1,135.583,135.599,2026-05-12 17:45:13
2026-05-12_1,20260512_naver_004_git브랜치충돌발생시실무해결팁,naver,Git 브랜치 충돌 발생 시 실무 해결 팁 문제를 줄이는 실무 처리 순서,Git 브랜치 충돌 발생 시 실무 해결 팁,workflow_playbook,workflow_playbook_lead_2,standard,field_note,conclusion_2,scope_first,75.78,47,15,10,12,8,0,0,45,0.0885,0.1404,accepted,same structure slot as previous output; same rhythm slot as previous output; style slot repeated in recent outputs; transition signature repeated,1,local+claude+fix1,137.257,137.314,2026-05-12 17:45:15
2026-05-12_1,20260512_naver_002_microsoft365구독에문제가발생,naver,Microsoft 365 구독에 문제가 발생했으며 자주 생기는 이유와 점검 순서,Microsoft 365 구독에 문제가 발생했으며,decision_guide,decision_guide_lead_2,action_first,field_note,conclusion_2,scope_first,64.13,50,0,0,12,8,8,0,28,0.0913,0.1255,accepted,style slot repeated in recent outputs; transition signature repeated; ending slot repeated,1,local+claude+fix1,145.49,145.518,2026-05-12 17:45:23
2026-05-12_2,20260512_tistory_008_노션으로개인재정관리대시보드구축하기,tistory,노션으로 개인 재정 관리 대시보드 구축하기 실무에서 바로 쓰는 방법,노션으로 개인 재정 관리 대시보드 구축하기,checklist_review,checklist_review_lead_2,standard,field_note,conclusion_1,handoff_first,43.33,35,0,0,0,0,0,0,0,0.0543,0.0,accepted,no major diversity concentration detected,1,local+claude+fix1,105.543,105.613,2026-05-12 17:47:26
2026-05-12_2,20260512_blogspot_kr_005_아웃룩기본글꼴설정,blogspot_kr,아웃룩 기본 글꼴 설정 설치 후 바로 해야 하는 5분 설정,아웃룩 기본 글꼴 설정,quickstart_entry,quickstart_entry_lead_1,standard,field_note,conclusion_3,handoff_first,60.37,58,0,10,12,8,0,0,30,0.0966,0.1317,accepted,same rhythm slot as previous output; style slot repeated in recent outputs; transition signature repeated,1,local+claude+fix1,134.924,134.946,2026-05-12 17:47:55
2026-05-12_2,20260512_blogspot_kr_007_ai를활용한ppt만들기,blogspot_kr,ai를 활용한 ppt 만들기 초보자도 이해하기 쉬운 설정과 활용,ai를 활용한 ppt 만들기,workflow_playbook,workflow_playbook_lead_2,action_first,field_note,conclusion_2,scope_first,65.13,47,0,0,12,0,0,0,12,0.2192,0.2887,accepted,style slot repeated in recent outputs,1,local+claude+fix1,147.09,147.145,2026-05-12 17:48:07
2026-05-12_2,20260512_blogspot_kr_006_vpn초보자가입부터설정까지단계별사용법,blogspot_kr,VPN 초보자 가입부터 설정까지 단계별 사용법 기본 개념부터 적용 방법까지 정리,VPN 초보자 가입부터 설정까지 단계별 사용법,workflow_playbook,workflow_playbook_lead_2,standard,operator_brief,conclusion_2,scope_first,75.26,49,15,0,0,8,18,0,41,0.1921,0.2362,accepted,same structure slot as previous output; transition signature repeated; ending slot repeated; same structure and ending pairing repeated,1,local+claude+fix1,165.898,165.934,2026-05-12 17:48:26
2026-05-12_3,20260512_tistory_009_노션으로주간플래너와할일목록자동화,tistory,노션으로 주간 플래너와 할 일 목록 자동화 실무에서 바로 쓰는 방법,노션으로 주간 플래너와 할 일 목록 자동화,workflow_playbook,workflow_playbook_lead_2,action_first,field_note,conclusion_2,handoff_first,66.16,46,0,0,0,0,0,0,0,0.3738,0.4225,accepted,no major diversity concentration detected,1,local+claude,76.99,77.015,2026-05-12 17:50:07
2026-05-12_3,20260512_blogspot_kr_012_vscode유니티설정,blogspot_kr,vscode 유니티 설정 어떤 상황에서 무엇을 골라야 하는지 정리,vscode 유니티 설정,comparison_guide,comparison_guide_lead_1,standard,field_note,conclusion_1,scope_first,39.88,49,0,0,12,0,0,0,12,0.0711,0.0,accepted,style slot repeated in recent outputs,1,local+claude+fix1,117.71,117.783,2026-05-12 17:50:47
2026-05-12_3,20260512_tistory_011_워드프로세서컴퓨터활용능력차이,tistory,워드 프로세서 컴퓨터 활용 능력 차이 차이를 이해하고 선택하는 방법,워드 프로세서 컴퓨터 활용 능력 차이,comparison_guide,comparison_guide_lead_1,standard,field_note,conclusion_3,scope_first,40.5,48,15,10,12,8,0,0,45,0.0897,0.1341,accepted,same structure slot as previous output; same rhythm slot as previous output; style slot repeated in recent outputs; transition signature repeated,1,local+claude+fix1,121.475,121.531,2026-05-12 17:50:51
2026-05-12_3,20260512_tistory_010_microsoft365가정용비즈니스용,tistory,microsoft 365 가정용 비즈니스용 차이 차이점과 선택 기준 정리,microsoft 365 가정용 비즈니스용 차이,comparison_guide,comparison_guide_lead_1,standard,operator_brief,conclusion_1,handoff_first,42.52,41,25,10,0,0,0,0,35,0.0948,0.1607,accepted,same structure slot as previous output; structure slot concentrated in recent outputs; same rhythm slot as previous output,1,local+claude+fix1,135.492,135.533,2026-05-12 17:51:05
2026-05-12_1,20260512_naver_001_powerpoint에오류가생겨제대로작,naver,powerpoint 에 오류 가 생겨 제대로 작동 할 수 없습니다 문제를 줄이는 실무 처리 순서,powerpoint 에 오류 가 생겨 제대로 작동 할 수 없습니다,workflow_playbook,workflow_playbook_lead_1,standard,field_note,conclusion_1,handoff_first,56.01,47,0,0,0,0,0,0,0,0.0317,0.0,accepted,no major diversity concentration detected,1,api,38.951,39.018,2026-05-12 18:25:41
2026-05-12_1,20260512_naver_002_powerpoint저장중오류가발생했습,naver,powerpoint 저장 중 오류가 발생했습니다 자주 생기는 이유와 점검 순서,powerpoint 저장 중 오류가 발생했습니다,problem_solution,problem_solution_lead_2,risk_led,operator_brief,conclusion_2,scope_first,56.75,32,0,0,0,0,0,0,0,0.0982,0.12,accepted,no major diversity concentration detected,1,api,27.511,27.583,2026-05-12 18:26:09
2026-05-12_1,20260512_naver_003_git브랜치충돌발생시실무해결팁,naver,Git 브랜치 충돌 발생 시 실무 해결 팁 문제를 줄이는 실무 처리 순서,Git 브랜치 충돌 발생 시 실무 해결 팁,decision_guide,decision_guide_lead_1,standard,checklist_mode,conclusion_1,review_first,49.21,40,0,0,0,0,0,0,0,0.0419,0.0,accepted,no major diversity concentration detected,1,api,36.134,36.206,2026-05-12 18:26:45
2026-05-12_1,20260512_naver_004_3m모델로ppt문제원인분석하는사용법,naver,3M 모델로 PPT 문제 원인 분석하는 사용법 해결 전에 먼저 확인할 것,3M 모델로 PPT 문제 원인 분석하는 사용법,quickstart_entry,quickstart_entry_lead_1,action_first,field_note,conclusion_1,scope_first,52.43,81,0,0,0,8,8,0,16,0.0435,0.0,accepted,transition signature repeated; ending slot repeated,1,local,45.039,45.11,2026-05-12 18:27:30
2026-05-12_2,20260512_blogspot_kr_005_outlook기본설정,blogspot_kr,outlook 기본 설정 처음 시작할 때 알아두면 좋은 사용법,outlook 기본 설정,quickstart_entry,quickstart_entry_lead_1,standard,operator_brief,conclusion_3,scope_first,59.1,46,0,0,0,0,0,0,0,0.0646,0.0,accepted,no major diversity concentration detected,1,api,27.72,27.794,2026-05-12 18:38:03
2026-05-12_2,20260512_blogspot_kr_006_vpn초보자가입부터설정까지단계별사용법,blogspot_kr,VPN 초보자 가입부터 설정까지 단계별 사용법 기본 개념부터 적용 방법까지 정리,VPN 초보자 가입부터 설정까지 단계별 사용법,workflow_playbook,workflow_playbook_lead_2,risk_led,field_note,conclusion_2,review_first,47.8,25,0,0,0,0,0,0,0,0.0775,0.0,accepted,no major diversity concentration detected,1,api,27.692,27.766,2026-05-12 18:38:31
2026-05-12_2,20260512_blogspot_kr_007_ai를활용한ppt만들기,blogspot_kr,ai를 활용한 ppt 만들기 초보자도 이해하기 쉬운 설정과 활용,ai를 활용한 ppt 만들기,checklist_review,checklist_review_lead_2,action_first,checklist_mode,conclusion_2,scope_first,54.6,38,0,0,0,8,8,0,16,0.094,0.1114,accepted,transition signature repeated; ending slot repeated,1,api,31.152,31.254,2026-05-12 18:39:02
2026-05-12_2,20260512_tistory_008_텍스트함수concatenatetext,tistory,텍스트 함수 CONCATENATE TEXTJOIN 활용 반복 작업을 줄이는 실전 사용법,텍스트 함수 CONCATENATE TEXTJOIN 활용,decision_guide,decision_guide_lead_1,standard,field_note,conclusion_1,handoff_first,49.17,42,0,0,12,0,0,0,12,0.0442,0.0,accepted,style slot repeated in recent outputs,1,api,32.367,32.438,2026-05-12 18:39:35
2026-05-12_1,20260512_naver_001_powerpoint동영상재생안됨,naver,powerpoint 동영상 재생 안됨 문제를 줄이는 실무 처리 순서,powerpoint 동영상 재생 안됨,problem_solution,problem_solution_lead_2,action_first,operator_brief,conclusion_2,scope_first,70.61,39,0,0,0,0,0,0,0,0.0285,0.0,accepted,no major diversity concentration detected,1,local+claude+fix1,129.782,129.797,2026-05-12 18:49:20
2026-05-12_1,20260512_naver_003_아웃룩문제가발생하여아직메시지를보내지못,naver,아웃룩 문제가 발생하여 아직 메시지를 보내지 못했습니다 문제를 줄이는 실무 처리 순서,아웃룩 문제가 발생하여 아직 메시지를 보내지 못했습니다,checklist_review,checklist_review_lead_1,standard,field_note,conclusion_3,scope_first,60.54,58,0,0,0,8,0,0,8,0.0601,0.0,accepted,transition signature repeated,1,local+claude+fix1,131.8,131.846,2026-05-12 18:49:22
2026-05-12_1,20260512_naver_004_git브랜치충돌발생시실무해결팁,naver,Git 브랜치 충돌 발생 시 실무 해결 팁 문제를 줄이는 실무 처리 순서,Git 브랜치 충돌 발생 시 실무 해결 팁,workflow_playbook,workflow_playbook_lead_2,standard,field_note,conclusion_2,scope_first,75.09,44,0,10,12,8,0,0,30,0.1603,0.1763,accepted,same rhythm slot as previous output; style slot repeated in recent outputs; transition signature repeated,1,local+claude+fix1,143.035,143.095,2026-05-12 18:49:33
2026-05-12_1,20260512_naver_002_powerpoint내용에문제가있습니다,naver,powerpoint 내용 에 문제 가 있습니다 자주 생기는 이유와 점검 순서,powerpoint 내용 에 문제 가 있습니다,workflow_playbook,workflow_playbook_lead_3,action_first,operator_brief,conclusion_3,handoff_first,70.25,47,15,0,0,0,0,0,15,0.1488,0.1784,accepted,same structure slot as previous output,1,local+claude+fix1,153.122,153.152,2026-05-12 18:49:43
2026-05-12_2,20260512_blogspot_kr_006_지라대시보드만들기및위젯활용,blogspot_kr,지라 대시보드 만들기 및 위젯 활용 기본 개념부터 적용 방법까지 정리,지라 대시보드 만들기 및 위젯 활용,quickstart_entry,quickstart_entry_lead_2,standard,field_note,conclusion_1,scope_first,36.01,40,0,0,0,0,0,0,0,0.0506,0.0,accepted,no major diversity concentration detected,1,local+claude+fix1,100.52,100.561,2026-05-12 18:57:02
2026-05-12_2,20260512_blogspot_kr_005_지라백로그관리및우선순위설정,blogspot_kr,지라 백로그 관리 및 우선순위 설정 처음 시작할 때 알아두면 좋은 사용법,지라 백로그 관리 및 우선순위 설정,workflow_playbook,workflow_playbook_lead_1,standard,field_note,conclusion_1,scope_first,66.35,47,0,10,12,8,8,0,38,0.1431,0.2097,accepted,same rhythm slot as previous output; style slot repeated in recent outputs; transition signature repeated; ending slot repeated,1,local+claude+fix1,117.452,117.48,2026-05-12 18:57:19
2026-05-12_2,20260512_tistory_008_노션으로주간플래너와할일목록자동화,tistory,노션으로 주간 플래너와 할 일 목록 자동화 실무에서 바로 쓰는 방법,노션으로 주간 플래너와 할 일 목록 자동화,workflow_playbook,workflow_playbook_lead_2,standard,operator_brief,conclusion_2,scope_first,48.27,43,15,10,0,8,0,0,33,0.1275,0.1869,accepted,same structure slot as previous output; same rhythm slot as previous output; transition signature repeated,1,local+claude+fix1,130.575,130.648,2026-05-12 18:57:32
2026-05-12_2,20260512_blogspot_kr_007_vpn초보자가입부터설정까지단계별사용법,blogspot_kr,VPN 초보자 가입부터 설정까지 단계별 사용법 기본 개념부터 적용 방법까지 정리,VPN 초보자 가입부터 설정까지 단계별 사용법,workflow_playbook,workflow_playbook_lead_3,standard,field_note,conclusion_3,scope_first,73.27,44,25,10,12,8,0,0,55,0.1869,0.2315,accepted,same structure slot as previous output; structure slot concentrated in recent outputs; same rhythm slot as previous output; style slot repeated in recent outputs; transition signature repeated,1,local+claude+fix1,173.413,173.469,2026-05-12 18:58:15
2026-05-12_3,20260512_blogspot_kr_012_vscode유니티설정,blogspot_kr,vscode 유니티 설정 어떤 상황에서 무엇을 골라야 하는지 정리,vscode 유니티 설정,comparison_guide,comparison_guide_lead_1,standard,field_note,conclusion_1,scope_first,37.01,40,0,0,0,0,0,0,0,0.0634,0.0,accepted,no major diversity concentration detected,1,local+claude+fix1,107.737,107.807,2026-05-12 19:00:52
2026-05-12_3,20260512_tistory_011_워드프로세서컴퓨터활용능력차이,tistory,워드 프로세서 컴퓨터 활용 능력 차이 차이를 이해하고 선택하는 방법,워드 프로세서 컴퓨터 활용 능력 차이,comparison_guide,comparison_guide_lead_1,standard,field_note,conclusion_3,scope_first,34.41,38,15,10,12,8,0,0,45,0.082,0.1565,accepted,same structure slot as previous output; same rhythm slot as previous output; style slot repeated in recent outputs; transition signature repeated,1,local+claude+fix1,108.651,108.706,2026-05-12 19:00:53
2026-05-12_3,20260512_tistory_010_microsoft365플랜비교,tistory,microsoft 365 플랜 비교 어떤 상황에서 무엇을 골라야 하는지 정리,microsoft 365 플랜 비교,decision_guide,decision_guide_lead_2,standard,field_note,conclusion_2,scope_first,63.97,47,0,10,12,8,0,0,30,0.2275,0.2967,accepted,same rhythm slot as previous output; style slot repeated in recent outputs; transition signature repeated,1,local+claude+fix1,132.692,132.732,2026-05-12 19:01:17
2026-05-12_3,20260512_tistory_009_노션으로개인재정관리대시보드구축하기,tistory,노션으로 개인 재정 관리 대시보드 구축하기 실무에서 바로 쓰는 방법,노션으로 개인 재정 관리 대시보드 구축하기,checklist_review,checklist_review_lead_1,standard,operator_brief,conclusion_1,handoff_first,44.77,54,0,10,0,0,0,0,10,0.1438,0.2266,accepted,same rhythm slot as previous output,1,local+claude+fix1,133.896,133.922,2026-05-12 19:01:19
2026-05-12_1,20260512_naver_001_트렐로자동화버튼작동안함,naver,트렐로 자동화 버튼 작동 안함 해결 전에 먼저 확인할 것,트렐로 자동화 버튼 작동 안함,workflow_playbook,workflow_playbook_lead_1,standard,operator_brief,conclusion_2,scope_first,46.78,33,0,0,0,0,0,0,0,0.0272,0.0,accepted,no major diversity concentration detected,1,local+claude+fix1,118.968,118.985,2026-05-12 19:34:22
2026-05-12_1,20260512_naver_003_원드라이브오류코드0x8004de40,naver,원드라이브 오류코드 0x8004de40 원인과 해결 방법,원드라이브 오류코드 0x8004de40,checklist_review,checklist_review_lead_3,action_first,operator_brief,conclusion_1,handoff_first,43.59,59,0,0,12,0,0,0,12,0.0401,0.0,accepted,style slot repeated in recent outputs,1,local+claude+fix1,119.857,119.906,2026-05-12 19:34:23
2026-05-12_1,20260512_naver_002_outlookword에문제가발생했습니,naver,outlook word에 문제가 발생했습니다 문제를 줄이는 실무 처리 순서,outlook word에 문제가 발생했습니다,workflow_playbook,workflow_playbook_lead_5,action_first,field_note,conclusion_1,scope_first,63.94,50,0,10,0,8,8,0,26,0.106,0.1636,accepted,same rhythm slot as previous output; transition signature repeated; ending slot repeated,1,local+claude+fix1,128.5,128.532,2026-05-12 19:34:32
2026-05-12_1,20260512_naver_004_git브랜치충돌발생시실무해결팁,naver,Git 브랜치 충돌 발생 시 실무 해결 팁 문제를 줄이는 실무 처리 순서,Git 브랜치 충돌 발생 시 실무 해결 팁,workflow_playbook,workflow_playbook_lead_4,standard,field_note,conclusion_2,scope_first,55.27,37,25,0,12,8,0,0,45,0.1398,0.1913,accepted,same structure slot as previous output; structure slot concentrated in recent outputs; style slot repeated in recent outputs; transition signature repeated,1,local+claude+fix1,144.787,144.85,2026-05-12 19:34:48
2026-05-12_2,20260512_tistory_008_언리얼스플라인메쉬로메쉬변형실무적용,tistory,언리얼 스플라인 메쉬로 메쉬 변형 실무 적용 업무에 적용하는 단계별 방법,언리얼 스플라인 메쉬로 메쉬 변형 실무 적용,checklist_review,checklist_review_lead_4,action_first,operator_brief,conclusion_1,scope_first,63.74,53,0,0,0,0,0,0,0,0.0844,0.1403,accepted,no major diversity concentration detected,1,local+claude+fix1,135.634,135.708,2026-05-12 19:37:19
2026-05-12_2,20260512_blogspot_kr_006_vpn초보자가입부터설정까지단계별사용법,blogspot_kr,VPN 초보자 가입부터 설정까지 단계별 사용법 기본 개념부터 적용 방법까지 정리,VPN 초보자 가입부터 설정까지 단계별 사용법,workflow_playbook,workflow_playbook_lead_5,standard,operator_brief,conclusion_2,scope_first,64.62,49,0,0,12,8,0,0,20,0.0968,0.1456,accepted,style slot repeated in recent outputs; transition signature repeated,1,local+claude+fix1,137.511,137.552,2026-05-12 19:37:21
2026-05-12_2,20260512_blogspot_kr_005_figma기본폰트설정,blogspot_kr,figma 기본 폰트 설정 기본 개념부터 적용 방법까지 정리,figma 기본 폰트 설정,workflow_playbook,workflow_playbook_lead_3,action_first,field_note,conclusion_3,handoff_first,75.65,46,15,0,0,0,0,0,15,0.135,0.2322,accepted,same structure slot as previous output,1,local+claude+fix1,145.274,145.3,2026-05-12 19:37:28
2026-05-12_2,20260512_blogspot_kr_007_지라대시보드만들기및위젯활용,blogspot_kr,지라 대시보드 만들기 및 위젯 활용 기본 개념부터 적용 방법까지 정리,지라 대시보드 만들기 및 위젯 활용,quickstart_entry,quickstart_entry_lead_1,standard,field_note,conclusion_2,scope_first,52.99,58,0,0,12,8,0,0,20,0.1,0.1523,accepted,style slot repeated in recent outputs; transition signature repeated,1,local+claude+fix1,156.643,156.701,2026-05-12 19:37:40
2026-05-12_3,20260512_tistory_011_워드프로세서컴퓨터활용능력차이,tistory,워드 프로세서 컴퓨터 활용 능력 차이 차이를 이해하고 선택하는 방법,워드 프로세서 컴퓨터 활용 능력 차이,comparison_guide,comparison_guide_lead_1,standard,field_note,conclusion_3,scope_first,42.95,42,0,0,0,0,0,0,0,0.039,0.0,accepted,no major diversity concentration detected,1,local+claude+fix1,106.889,106.947,2026-05-12 19:40:23
2026-05-12_3,20260512_tistory_010_outlookpopimap차이,tistory,outlook pop imap 차이 비교할 때 먼저 봐야 할 핵심,outlook pop imap 차이,comparison_guide,comparison_guide_lead_2,standard,field_note,conclusion_2,scope_first,62.03,58,15,10,12,8,0,0,45,0.0803,0.1144,accepted,same structure slot as previous output; same rhythm slot as previous output; style slot repeated in recent outputs; transition signature repeated,1,local+claude+fix1,128.743,128.783,2026-05-12 19:40:45
2026-05-12_3,20260512_blogspot_kr_012_microsoft365기본버전64비트,blogspot_kr,microsoft 365 기본 버전 64 비트 차이 어떤 상황에서 무엇을 골라야 하는지 정리,microsoft 365 기본 버전 64 비트 차이,decision_guide,decision_guide_lead_3,standard,field_note,conclusion_2,handoff_first,79.74,38,0,10,12,0,8,0,30,0.1396,0.1966,accepted,same rhythm slot as previous output; style slot repeated in recent outputs; ending slot repeated,1,local+claude+fix1,147.265,147.34,2026-05-12 19:41:04
2026-05-12_3,20260512_tistory_009_노션으로개인재정관리대시보드구축하기,tistory,노션으로 개인 재정 관리 대시보드 구축하기 실무에서 바로 쓰는 방법,노션으로 개인 재정 관리 대시보드 구축하기,checklist_review,checklist_review_lead_1,standard,operator_brief,conclusion_1,handoff_first,38.63,40,0,10,0,8,0,0,18,0.0908,0.1895,accepted,same rhythm slot as previous output; transition signature repeated,1,local+claude+fix1,183.118,183.143,2026-05-12 19:41:39
2026-05-12_1,20260512_naver_004_ppt트러스트센터설정으로보안오류해결하,naver,PPT 트러스트 센터 설정으로 보안 오류 해결하기 문제를 줄이는 실무 처리 순서,PPT 트러스트 센터 설정으로 보안 오류 해결하기,decision_guide,decision_guide_lead_1,standard,field_note,conclusion_3,scope_first,67.2,43,0,0,0,0,0,0,0,0.0317,0.0,accepted,no major diversity concentration detected,1,local+claude+fix1,132.884,132.944,2026-05-12 20:16:50
2026-05-12_1,20260512_naver_003_3m모델로ppt문제원인분석하는사용법,naver,3M 모델로 PPT 문제 원인 분석하는 사용법 해결 전에 먼저 확인할 것,3M 모델로 PPT 문제 원인 분석하는 사용법,problem_solution,problem_solution_lead_1,standard,field_note,conclusion_3,scope_first,78.11,37,0,10,12,8,8,0,38,0.2128,0.2639,accepted,same rhythm slot as previous output; style slot repeated in recent outputs; transition signature repeated; ending slot repeated,1,local+claude+fix1,133.134,133.181,2026-05-12 20:16:50
2026-05-12_1,20260512_naver_001_onedrive문제가발생했습니다,naver,onedrive 문제 가 발생 했습니다 원인과 해결 방법,onedrive 문제 가 발생 했습니다,workflow_playbook,workflow_playbook_lead_5,standard,field_note,conclusion_3,handoff_first,46.97,40,0,10,12,0,8,0,30,0.0787,0.0,accepted,same rhythm slot as previous output; style slot repeated in recent outputs; ending slot repeated,1,local+claude+fix1,138.827,138.842,2026-05-12 20:16:56
2026-05-12_1,20260512_naver_002_git브랜치충돌발생시실무해결팁,naver,Git 브랜치 충돌 발생 시 실무 해결 팁 문제를 줄이는 실무 처리 순서,Git 브랜치 충돌 발생 시 실무 해결 팁,workflow_playbook,workflow_playbook_lead_2,standard,operator_brief,conclusion_3,scope_first,68.29,47,15,10,0,8,18,0,51,0.1746,0.2292,accepted,same structure slot as previous output; same rhythm slot as previous output; transition signature repeated; ending slot repeated; same structure and ending pairing repeated,1,local+claude+fix1,147.738,147.77,2026-05-12 20:17:05
2026-05-12_2,20260512_blogspot_kr_005_언리얼lod설정자동화,blogspot_kr,언리얼 LOD 설정 자동화 설치 후 바로 해야 하는 5분 설정,언리얼 LOD 설정 자동화,quickstart_entry,quickstart_entry_lead_3,standard,field_note,conclusion_2,scope_first,38.58,49,0,0,0,0,0,0,0,0.0671,0.0,accepted,no major diversity concentration detected,1,local+claude+fix1,120.046,120.071,2026-05-12 20:33:48
2026-05-12_2,20260512_tistory_008_오피스365sortby함수활용,tistory,오피스365 SORTBY 함수 활용 실무에서 바로 쓰는 방법,오피스365 SORTBY 함수 활용,decision_guide,decision_guide_lead_1,standard,operator_brief,conclusion_2,handoff_first,49.58,37,0,10,0,0,8,0,18,0.1153,0.2067,accepted,same rhythm slot as previous output; ending slot repeated,1,local+claude+fix1,127.221,127.299,2026-05-12 20:33:56
2026-05-12_2,20260512_blogspot_kr_007_powerpoint기본글꼴설정,blogspot_kr,powerpoint 기본 글꼴 설정 시작 전에 정해야 할 것들,powerpoint 기본 글꼴 설정,workflow_playbook,workflow_playbook_lead_5,action_first,field_note,conclusion_3,scope_first,64.19,40,0,0,12,8,0,0,20,0.1904,0.2108,accepted,style slot repeated in recent outputs; transition signature repeated,1,local+claude+fix1,134.202,134.26,2026-05-12 20:34:02
2026-05-12_2,20260512_blogspot_kr_006_vpn초보자가입부터설정까지단계별사용법,blogspot_kr,VPN 초보자 가입부터 설정까지 단계별 사용법 기본 개념부터 적용 방법까지 정리,VPN 초보자 가입부터 설정까지 단계별 사용법,workflow_playbook,workflow_playbook_lead_5,standard,operator_brief,conclusion_2,scope_first,57.01,42,15,0,12,8,0,0,35,0.2012,0.2425,accepted,same structure slot as previous output; style slot repeated in recent outputs; transition signature repeated,1,local+claude+fix1,137.555,137.595,2026-05-12 20:34:06
2026-05-12_3,20260512_tistory_009_노션으로개인재정관리대시보드구축하기,tistory,노션으로 개인 재정 관리 대시보드 구축하기 실무에서 바로 쓰는 방법,노션으로 개인 재정 관리 대시보드 구축하기,checklist_review,checklist_review_lead_1,standard,operator_brief,conclusion_1,handoff_first,38.45,40,0,0,0,0,0,0,0,0.0649,0.0,accepted,no major diversity concentration detected,1,local+claude+fix1,99.266,99.296,2026-05-12 20:36:40
2026-05-12_3,20260512_tistory_011_워드프로세서컴퓨터활용능력차이,tistory,워드 프로세서 컴퓨터 활용 능력 차이 차이를 이해하고 선택하는 방법,워드 프로세서 컴퓨터 활용 능력 차이,comparison_guide,comparison_guide_lead_1,standard,field_note,conclusion_3,scope_first,47.3,54,0,10,0,0,0,0,10,0.0797,0.0,accepted,same rhythm slot as previous output,1,local+claude+fix1,119.431,119.493,2026-05-12 20:37:00
2026-05-12_3,20260512_blogspot_kr_012_vscode유니티설정,blogspot_kr,vscode 유니티 설정 어떤 상황에서 무엇을 골라야 하는지 정리,vscode 유니티 설정,comparison_guide,comparison_guide_lead_1,standard,field_note,conclusion_1,scope_first,42.9,45,15,10,12,8,0,0,45,0.1436,0.2069,accepted,same structure slot as previous output; same rhythm slot as previous output; style slot repeated in recent outputs; transition signature repeated,1,local+claude+fix1,123.744,123.82,2026-05-12 20:37:05
2026-05-12_3,20260512_tistory_010_microsoftteams차이,tistory,Microsoft Teams 차이 어떤 상황에서 무엇을 골라야 하는지 정리,Microsoft Teams 차이,workflow_playbook,workflow_playbook_lead_2,action_first,field_note,conclusion_3,scope_first,72.86,50,0,0,12,8,0,0,20,0.2761,0.31,accepted,style slot repeated in recent outputs; transition signature repeated,1,local+claude+fix1,145.138,145.183,2026-05-12 20:37:26
2026-05-12_1,20260512_naver_004_ppt트러스트센터설정으로보안오류해결하,naver,PPT 트러스트 센터 설정으로 보안 오류 해결하기 문제를 줄이는 실무 처리 순서,PPT 트러스트 센터 설정으로 보안 오류 해결하기,decision_guide,decision_guide_lead_1,standard,field_note,conclusion_3,scope_first,67.29,43,0,0,0,0,0,0,0,0.033,0.0,accepted,no major diversity concentration detected,1,local+claude+fix1,131.942,132.01,2026-05-12 21:10:10
2026-05-12_1,20260512_naver_003_3m모델로ppt문제원인분석하는사용법,naver,3M 모델로 PPT 문제 원인 분석하는 사용법 해결 전에 먼저 확인할 것,3M 모델로 PPT 문제 원인 분석하는 사용법,problem_solution,problem_solution_lead_1,standard,field_note,conclusion_3,scope_first,73.51,37,0,10,12,8,8,0,38,0.2555,0.3153,accepted,same rhythm slot as previous output; style slot repeated in recent outputs; transition signature repeated; ending slot repeated,1,local+claude+fix1,132.533,132.584,2026-05-12 21:10:10
2026-05-12_1,20260512_naver_001_microsoftteams안됨,naver,Microsoft Teams 안됨 자주 생기는 이유와 점검 순서,Microsoft Teams 안됨,workflow_playbook,workflow_playbook_lead_3,standard,operator_brief,conclusion_2,scope_first,64.44,49,0,10,0,8,0,0,18,0.2113,0.2922,accepted,same rhythm slot as previous output; transition signature repeated,1,local+claude+fix1,132.969,132.986,2026-05-12 21:10:11
2026-05-12_1,20260512_naver_002_git브랜치충돌발생시실무해결팁,naver,Git 브랜치 충돌 발생 시 실무 해결 팁 문제를 줄이는 실무 처리 순서,Git 브랜치 충돌 발생 시 실무 해결 팁,workflow_playbook,workflow_playbook_lead_2,standard,operator_brief,conclusion_3,scope_first,68.08,47,15,10,12,8,0,0,45,0.1975,0.2741,accepted,same structure slot as previous output; same rhythm slot as previous output; style slot repeated in recent outputs; transition signature repeated,1,local+claude+fix1,142.273,142.305,2026-05-12 21:10:20
2026-05-12_2,20260512_tistory_008_핸드폰관리초보,tistory,핸드폰 관리 초보 반복 작업을 줄이는 실전 사용법,핸드폰 관리 초보,workflow_playbook,workflow_playbook_lead_4,standard,field_note,conclusion_1,scope_first,43.57,41,0,0,0,0,0,0,0,0.1341,0.2502,accepted,no major diversity concentration detected,1,local+claude,70.611,70.697,2026-05-12 21:12:01
2026-05-12_2,20260512_blogspot_kr_007_vpn초보자가입부터설정까지단계별사용법,blogspot_kr,VPN 초보자 가입부터 설정까지 단계별 사용법 기본 개념부터 적용 방법까지 정리,VPN 초보자 가입부터 설정까지 단계별 사용법,workflow_playbook,workflow_playbook_lead_1,standard,field_note,conclusion_3,scope_first,64.99,48,15,10,12,8,0,0,45,0.3767,0.3774,accepted,same structure slot as previous output; same rhythm slot as previous output; style slot repeated in recent outputs; transition signature repeated,1,local+claude+fix1,128.047,128.114,2026-05-12 21:12:59
2026-05-12_2,20260512_blogspot_kr_005_antigravityunity설정,blogspot_kr,antigravity unity 설정 기본 개념부터 적용 방법까지 정리,antigravity unity 설정,workflow_playbook,workflow_playbook_lead_1,action_first,operator_brief,conclusion_1,handoff_first,65.73,50,25,0,0,0,0,0,25,0.2636,0.3183,accepted,same structure slot as previous output; structure slot concentrated in recent outputs,1,local+claude+fix1,136.301,136.333,2026-05-12 21:13:07
2026-05-12_2,20260512_blogspot_kr_006_오피스365레지스트리삭제방법,blogspot_kr,오피스365 레지스트리 삭제 방법 시작 전 알아야 할 것만 정리했습니다,오피스365 레지스트리 삭제 방법,quickstart_entry,quickstart_entry_lead_4,action_first,operator_brief,conclusion_2,handoff_first,52.02,58,0,10,12,8,0,0,30,0.1391,0.2028,accepted,same rhythm slot as previous output; style slot repeated in recent outputs; transition signature repeated,1,local+claude+fix1,154.974,155.023,2026-05-12 21:13:26
2026-05-12_3,20260512_tistory_009_노션으로개인재정관리대시보드구축하기,tistory,노션으로 개인 재정 관리 대시보드 구축하기 실무에서 바로 쓰는 방법,노션으로 개인 재정 관리 대시보드 구축하기,checklist_review,checklist_review_lead_1,standard,operator_brief,conclusion_1,handoff_first,42.0,43,0,0,0,0,0,0,0,0.0504,0.0,accepted,no major diversity concentration detected,1,local+claude+fix1,114.872,114.899,2026-05-12 21:16:00
2026-05-12_3,20260512_tistory_011_워드프로세서컴퓨터활용능력차이,tistory,워드 프로세서 컴퓨터 활용 능력 차이 차이를 이해하고 선택하는 방법,워드 프로세서 컴퓨터 활용 능력 차이,comparison_guide,comparison_guide_lead_1,standard,field_note,conclusion_3,scope_first,57.92,55,0,10,0,0,0,0,10,0.105,0.1558,accepted,same rhythm slot as previous output,1,local+claude+fix1,141.328,141.391,2026-05-12 21:16:26
2026-05-12_3,20260512_blogspot_kr_012_microsoft365기본버전64비트,blogspot_kr,microsoft 365 기본 버전 64 비트 차이 어떤 상황에서 무엇을 골라야 하는지 정리,microsoft 365 기본 버전 64 비트 차이,decision_guide,decision_guide_lead_3,standard,field_note,conclusion_2,handoff_first,79.85,44,0,10,12,8,0,0,30,0.1299,0.1815,accepted,same rhythm slot as previous output; style slot repeated in recent outputs; transition signature repeated,1,local+claude+fix1,143.44,143.52,2026-05-12 21:16:29
2026-05-12_3,20260512_tistory_010_jirastorytask차이,tistory,jira story task 차이 차이점과 선택 기준 정리,jira story task 차이,workflow_playbook,workflow_playbook_lead_3,action_first,field_note,conclusion_1,scope_first,72.7,49,0,0,12,8,0,0,20,0.1792,0.2361,accepted,style slot repeated in recent outputs; transition signature repeated,1,local+claude+fix1,159.194,159.238,2026-05-12 21:16:44
2026-05-13_1,20260513_naver_001_지라라벨관리삭제안됨,naver,지라 라벨 관리 삭제 안됨 자주 생기는 이유와 점검 순서,지라 라벨 관리 삭제 안됨,checklist_review,checklist_review_lead_1,standard,field_note,conclusion_3,scope_first,39.34,37,0,0,0,0,0,0,0,0.0284,0.0,similarity_retry,no major diversity concentration detected,1,local+claude+fix1,256.917,256.932,2026-05-13 02:29:42
2026-05-13_1,20260513_naver_001_지라라벨관리삭제안됨,naver,지라 라벨 관리 삭제 안됨 자주 생기는 이유와 점검 순서,지라 라벨 관리 삭제 안됨,problem_solution,problem_solution_lead_2,standard,field_note,conclusion_1,review_first,62.0,80,0,0,0,0,0,0,0,0.0278,0.0,similarity_retry,no major diversity concentration detected,2,local+structure,306.399,306.417,2026-05-13 02:34:48
2026-05-13_1,20260513_naver_001_지라라벨관리삭제안됨,naver,지라 라벨 관리 삭제 안됨 자주 생기는 이유와 점검 순서,지라 라벨 관리 삭제 안됨,problem_solution,problem_solution_lead_2,standard,field_note,conclusion_1,review_first,62.0,80,0,0,0,0,0,0,0,0.0278,0.0,blocked,no major diversity concentration detected,2,local+structure,306.399,306.417,2026-05-13 02:34:48
2026-05-13_1,20260513_naver_002_유니티프리팹인스턴스동기화문제,naver,유니티 프리팹 인스턴스 동기화 문제 해결 전에 먼저 확인할 것,유니티 프리팹 인스턴스 동기화 문제,checklist_review,checklist_review_lead_2,standard,field_note,conclusion_2,handoff_first,56.87,43,0,0,0,0,0,0,0,0.0259,0.0,similarity_retry,no major diversity concentration detected,1,local+claude+fix1,306.099,306.129,2026-05-13 02:30:31
2026-05-13_1,20260513_naver_002_유니티프리팹인스턴스동기화문제,naver,유니티 프리팹 인스턴스 동기화 문제 해결 전에 먼저 확인할 것,유니티 프리팹 인스턴스 동기화 문제,problem_solution,problem_solution_lead_2,standard,field_note,conclusion_3,review_first,63.79,80,0,0,0,0,0,0,0,0.0293,0.0,similarity_retry,no major diversity concentration detected,2,local+structure,275.362,275.377,2026-05-13 02:35:06
2026-05-13_1,20260513_naver_002_유니티프리팹인스턴스동기화문제,naver,유니티 프리팹 인스턴스 동기화 문제 해결 전에 먼저 확인할 것,유니티 프리팹 인스턴스 동기화 문제,problem_solution,problem_solution_lead_2,standard,field_note,conclusion_3,review_first,63.79,80,0,0,0,0,0,0,0,0.0293,0.0,blocked,no major diversity concentration detected,2,local+structure,275.362,275.377,2026-05-13 02:35:06
2026-05-13_1,20260513_naver_003_git브랜치충돌발생시실무해결팁,naver,Git 브랜치 충돌 발생 시 실무 해결 팁 문제를 줄이는 실무 처리 순서,Git 브랜치 충돌 발생 시 실무 해결 팁,workflow_playbook,workflow_playbook_lead_3,standard,field_note,conclusion_1,scope_first,63.62,82,0,0,0,0,0,0,0,0.029,0.0,similarity_retry,no major diversity concentration detected,1,local+structure,298.957,299.002,2026-05-13 02:30:24
2026-05-13_1,20260513_naver_003_git브랜치충돌발생시실무해결팁,naver,Git 브랜치 충돌 발생 시 실무 해결 팁 문제를 줄이는 실무 처리 순서,Git 브랜치 충돌 발생 시 실무 해결 팁,decision_guide,decision_guide_lead_2,standard,checklist_mode,conclusion_2,handoff_first,61.85,80,0,0,0,0,0,0,0,0.0304,0.0,similarity_retry,no major diversity concentration detected,2,local+structure,309.492,309.508,2026-05-13 02:35:33
2026-05-13_1,20260513_naver_003_git브랜치충돌발생시실무해결팁,naver,Git 브랜치 충돌 발생 시 실무 해결 팁 문제를 줄이는 실무 처리 순서,Git 브랜치 충돌 발생 시 실무 해결 팁,decision_guide,decision_guide_lead_2,standard,checklist_mode,conclusion_2,handoff_first,61.85,80,0,0,0,0,0,0,0,0.0304,0.0,blocked,no major diversity concentration detected,2,local+structure,309.492,309.508,2026-05-13 02:35:33
2026-05-13_1,20260513_naver_004_3m모델로ppt문제원인분석하는사용법,naver,3M 모델로 PPT 문제 원인 분석하는 사용법 해결 전에 먼저 확인할 것,3M 모델로 PPT 문제 원인 분석하는 사용법,problem_solution,problem_solution_lead_2,standard,field_note,conclusion_1,scope_first,63.07,80,0,0,0,0,0,0,0,0.0282,0.0,similarity_retry,no major diversity concentration detected,1,local+structure,309.217,309.277,2026-05-13 02:30:34
2026-05-13_1,20260513_naver_004_3m모델로ppt문제원인분석하는사용법,naver,3M 모델로 PPT 문제 원인 분석하는 사용법 해결 전에 먼저 확인할 것,3M 모델로 PPT 문제 원인 분석하는 사용법,quickstart_entry,quickstart_entry_lead_2,action_first,checklist_mode,conclusion_2,review_first,43.9,51,0,0,0,0,0,0,0,0.0255,0.0,similarity_retry,no major diversity concentration detected,2,local+claude+fix1,306.674,306.689,2026-05-13 02:35:41
2026-05-13_1,20260513_naver_004_3m모델로ppt문제원인분석하는사용법,naver,3M 모델로 PPT 문제 원인 분석하는 사용법 해결 전에 먼저 확인할 것,3M 모델로 PPT 문제 원인 분석하는 사용법,quickstart_entry,quickstart_entry_lead_2,action_first,checklist_mode,conclusion_2,review_first,43.9,51,0,0,0,0,0,0,0,0.0255,0.0,blocked,no major diversity concentration detected,2,local+claude+fix1,306.674,306.689,2026-05-13 02:35:41
2026-05-13_2,20260513_naver_002_유니티프리팹인스턴스동기화문제,naver,유니티 프리팹 인스턴스 동기화 문제 해결 전에 먼저 확인할 것,유니티 프리팹 인스턴스 동기화 문제,checklist_review,checklist_review_lead_2,standard,field_note,conclusion_2,handoff_first,60.31,46,0,0,0,0,0,0,0,0.0217,0.0,similarity_retry,no major diversity concentration detected,1,local+claude+fix1,292.166,292.197,2026-05-13 02:40:45
2026-05-13_2,20260513_naver_002_유니티프리팹인스턴스동기화문제,naver,유니티 프리팹 인스턴스 동기화 문제 해결 전에 먼저 확인할 것,유니티 프리팹 인스턴스 동기화 문제,problem_solution,problem_solution_lead_2,standard,field_note,conclusion_3,review_first,63.79,80,0,0,0,0,0,0,0,0.0293,0.0,similarity_retry,no major diversity concentration detected,2,local+structure,270.629,270.647,2026-05-13 02:45:16
2026-05-13_2,20260513_naver_002_유니티프리팹인스턴스동기화문제,naver,유니티 프리팹 인스턴스 동기화 문제 해결 전에 먼저 확인할 것,유니티 프리팹 인스턴스 동기화 문제,problem_solution,problem_solution_lead_2,standard,field_note,conclusion_3,review_first,63.79,80,0,0,0,0,0,0,0,0.0293,0.0,blocked,no major diversity concentration detected,2,local+structure,270.629,270.647,2026-05-13 02:45:16
2026-05-13_2,20260513_naver_003_git브랜치충돌발생시실무해결팁,naver,Git 브랜치 충돌 발생 시 실무 해결 팁 문제를 줄이는 실무 처리 순서,Git 브랜치 충돌 발생 시 실무 해결 팁,workflow_playbook,workflow_playbook_lead_3,standard,field_note,conclusion_1,scope_first,63.62,82,0,0,0,0,0,0,0,0.029,0.0,similarity_retry,no major diversity concentration detected,1,local+structure,312.066,312.111,2026-05-13 02:41:05
2026-05-13_2,20260513_naver_003_git브랜치충돌발생시실무해결팁,naver,Git 브랜치 충돌 발생 시 실무 해결 팁 문제를 줄이는 실무 처리 순서,Git 브랜치 충돌 발생 시 실무 해결 팁,decision_guide,decision_guide_lead_2,standard,checklist_mode,conclusion_2,handoff_first,61.85,80,0,0,0,0,0,0,0,0.0304,0.0,similarity_retry,no major diversity concentration detected,2,local+structure,266.838,266.856,2026-05-13 02:45:32
2026-05-13_2,20260513_naver_003_git브랜치충돌발생시실무해결팁,naver,Git 브랜치 충돌 발생 시 실무 해결 팁 문제를 줄이는 실무 처리 순서,Git 브랜치 충돌 발생 시 실무 해결 팁,decision_guide,decision_guide_lead_2,standard,checklist_mode,conclusion_2,handoff_first,61.85,80,0,0,0,0,0,0,0,0.0304,0.0,blocked,no major diversity concentration detected,2,local+structure,266.838,266.856,2026-05-13 02:45:32
2026-05-13_2,20260513_naver_004_3m모델로ppt문제원인분석하는사용법,naver,3M 모델로 PPT 문제 원인 분석하는 사용법 해결 전에 먼저 확인할 것,3M 모델로 PPT 문제 원인 분석하는 사용법,problem_solution,problem_solution_lead_2,standard,field_note,conclusion_1,scope_first,63.07,80,0,0,0,0,0,0,0,0.0282,0.0,similarity_retry,no major diversity concentration detected,1,local+structure+fix1,314.35,314.411,2026-05-13 02:41:07
2026-05-13_2,20260513_naver_004_3m모델로ppt문제원인분석하는사용법,naver,3M 모델로 PPT 문제 원인 분석하는 사용법 해결 전에 먼저 확인할 것,3M 모델로 PPT 문제 원인 분석하는 사용법,quickstart_entry,quickstart_entry_lead_2,action_first,checklist_mode,conclusion_2,review_first,53.19,51,0,0,0,0,0,0,0,0.0317,0.0,similarity_retry,no major diversity concentration detected,2,local+claude+fix1,272.575,272.59,2026-05-13 02:45:40
2026-05-13_2,20260513_naver_004_3m모델로ppt문제원인분석하는사용법,naver,3M 모델로 PPT 문제 원인 분석하는 사용법 해결 전에 먼저 확인할 것,3M 모델로 PPT 문제 원인 분석하는 사용법,quickstart_entry,quickstart_entry_lead_2,action_first,checklist_mode,conclusion_2,review_first,53.19,51,0,0,0,0,0,0,0,0.0317,0.0,blocked,no major diversity concentration detected,2,local+claude+fix1,272.575,272.59,2026-05-13 02:45:40
2026-05-13_2,20260513_naver_001_지라라벨관리삭제안됨,naver,지라 라벨 관리 삭제 안됨 자주 생기는 이유와 점검 순서,지라 라벨 관리 삭제 안됨,checklist_review,checklist_review_lead_1,standard,field_note,conclusion_3,scope_first,49.09,37,0,0,0,0,0,0,0,0.0379,0.0,similarity_retry,no major diversity concentration detected,1,local+claude+fix1,297.384,297.401,2026-05-13 02:40:50
2026-05-13_2,20260513_naver_001_지라라벨관리삭제안됨,naver,지라 라벨 관리 삭제 안됨 자주 생기는 이유와 점검 순서,지라 라벨 관리 삭제 안됨,problem_solution,problem_solution_lead_2,standard,field_note,conclusion_1,review_first,62.0,80,0,0,0,0,0,0,0,0.0278,0.0,similarity_retry,no major diversity concentration detected,2,local+structure,294.145,294.158,2026-05-13 02:45:44
2026-05-13_2,20260513_naver_001_지라라벨관리삭제안됨,naver,지라 라벨 관리 삭제 안됨 자주 생기는 이유와 점검 순서,지라 라벨 관리 삭제 안됨,problem_solution,problem_solution_lead_2,standard,field_note,conclusion_1,review_first,62.0,80,0,0,0,0,0,0,0,0.0278,0.0,blocked,no major diversity concentration detected,2,local+structure,294.145,294.158,2026-05-13 02:45:44
2026-05-13_1,20260513_naver_001_지라라벨관리삭제안됨,naver,지라 라벨 관리 삭제 안됨 자주 생기는 이유와 점검 순서,지라 라벨 관리 삭제 안됨,checklist_review,checklist_review_lead_1,standard,field_note,conclusion_3,scope_first,55.22,74,0,0,0,0,0,0,0,0.0341,0.0,accepted,no major diversity concentration detected,1,local+structure,147.983,148.0,2026-05-13 03:02:05
2026-05-13_1,20260513_naver_002_유니티프리팹인스턴스동기화문제,naver,유니티 프리팹 인스턴스 동기화 문제 해결 전에 먼저 확인할 것,유니티 프리팹 인스턴스 동기화 문제,checklist_review,checklist_review_lead_2,standard,field_note,conclusion_2,handoff_first,57.51,74,15,10,12,0,0,0,37,0.2873,0.3295,accepted,same structure slot as previous output; same rhythm slot as previous output; style slot repeated in recent outputs,1,local+bilingual,190.66,190.692,2026-05-13 03:02:48
2026-05-13_1,20260513_naver_004_3m모델로ppt문제원인분석하는사용법,naver,3M 모델로 PPT 문제 원인 분석하는 사용법 해결 전에 먼저 확인할 것,3M 모델로 PPT 문제 원인 분석하는 사용법,problem_solution,problem_solution_lead_2,standard,field_note,conclusion_1,scope_first,63.07,80,0,10,12,8,0,0,30,0.1412,0.2203,accepted,same rhythm slot as previous output; style slot repeated in recent outputs; transition signature repeated,1,local+structure,196.007,196.069,2026-05-13 03:02:54
2026-05-13_1,20260513_naver_003_git브랜치충돌발생시실무해결팁,naver,Git 브랜치 충돌 발생 시 실무 해결 팁 문제를 줄이는 실무 처리 순서,Git 브랜치 충돌 발생 시 실무 해결 팁,workflow_playbook,workflow_playbook_lead_3,standard,field_note,conclusion_1,scope_first,63.62,82,0,10,12,8,8,0,38,0.2188,0.2682,accepted,same rhythm slot as previous output; style slot repeated in recent outputs; transition signature repeated; ending slot repeated,1,local+bilingual+fix1,217.79,217.836,2026-05-13 03:03:15
2026-05-13_2,20260513_blogspot_kr_005_vpn초보자가입부터설정까지단계별사용법,blogspot_kr,VPN 초보자 가입부터 설정까지 단계별 사용법 기본 개념부터 적용 방법까지 정리,VPN 초보자 가입부터 설정까지 단계별 사용법,workflow_playbook,workflow_playbook_lead_4,standard,operator_brief,conclusion_1,handoff_first,62.39,82,0,0,0,0,0,0,0,0.3709,0.38,accepted,no major diversity concentration detected,1,local+structure,200.579,200.603,2026-05-13 03:07:10
2026-05-13_2,20260513_tistory_008_파이썬import라이브러리관리,tistory,파이썬 import 라이브러리 관리 시작 전에 정해야 할 것들,파이썬 import 라이브러리 관리,workflow_playbook,workflow_playbook_lead_2,action_first,operator_brief,conclusion_1,scope_first,63.1,82,15,0,12,0,18,0,45,0.4067,0.4014,accepted,same structure slot as previous output; style slot repeated in recent outputs; ending slot repeated; same structure and ending pairing repeated,1,local+bilingual,254.65,254.721,2026-05-13 03:08:04
2026-05-13_2,20260513_blogspot_kr_006_powerpoint기본글꼴설정,blogspot_kr,powerpoint 기본 글꼴 설정 매번 처음부터 하지 않는 방법,powerpoint 기본 글꼴 설정,workflow_playbook,workflow_playbook_lead_4,action_first,operator_brief,conclusion_2,scope_first,62.54,82,25,10,12,8,0,0,55,0.3551,0.388,accepted,same structure slot as previous output; structure slot concentrated in recent outputs; same rhythm slot as previous output; style slot repeated in recent outputs; transition signature repeated,1,local+bilingual,258.198,258.237,2026-05-13 03:08:07
2026-05-13_2,20260513_blogspot_kr_007_지라대시보드만들기및위젯활용,blogspot_kr,지라 대시보드 만들기 및 위젯 활용 기본 개념부터 적용 방법까지 정리,지라 대시보드 만들기 및 위젯 활용,quickstart_entry,quickstart_entry_lead_1,standard,field_note,conclusion_2,scope_first,52.54,74,0,0,0,8,8,0,16,0.149,0.2217,similarity_retry,transition signature repeated; ending slot repeated,1,local+structure,283.981,284.035,2026-05-13 03:08:33
2026-05-13_2,20260513_blogspot_kr_007_지라대시보드만들기및위젯활용,blogspot_kr,지라 대시보드 만들기 및 위젯 활용 기본 개념부터 적용 방법까지 정리,지라 대시보드 만들기 및 위젯 활용,standardization_blueprint,standardization_blueprint_lead_2,standard,coaching_mode,conclusion_3,scope_first,62.1,80,0,0,0,8,0,0,8,0.1986,0.2722,accepted,transition signature repeated,2,local+structure,139.783,139.815,2026-05-13 03:10:53
2026-05-13_3,20260513_tistory_009_노션으로개인재정관리대시보드구축하기,tistory,노션으로 개인 재정 관리 대시보드 구축하기 실무에서 바로 쓰는 방법,노션으로 개인 재정 관리 대시보드 구축하기,checklist_review,checklist_review_lead_1,standard,operator_brief,conclusion_1,handoff_first,56.09,74,0,0,0,0,0,0,0,0.4619,0.4274,accepted,no major diversity concentration detected,1,local+bilingual,166.32,166.344,2026-05-13 03:14:58
2026-05-13_3,20260513_tistory_010_워드프로세서컴퓨터활용능력차이,tistory,워드 프로세서 컴퓨터 활용 능력 차이 차이를 이해하고 선택하는 방법,워드 프로세서 컴퓨터 활용 능력 차이,comparison_guide,comparison_guide_lead_4,standard,field_note,conclusion_2,scope_first,55.72,74,0,10,0,0,0,0,10,0.1238,0.2074,accepted,same rhythm slot as previous output,1,local+structure,185.228,185.268,2026-05-13 03:15:17
2026-05-13_3,20260513_blogspot_kr_012_vscode유니티설정,blogspot_kr,vscode 유니티 설정 어떤 상황에서 무엇을 골라야 하는지 정리,vscode 유니티 설정,comparison_guide,comparison_guide_lead_1,standard,field_note,conclusion_1,scope_first,56.65,74,15,10,12,8,0,0,45,0.2321,0.2595,accepted,same structure slot as previous output; same rhythm slot as previous output; style slot repeated in recent outputs; transition signature repeated,1,local+bilingual,226.207,226.281,2026-05-13 03:15:58
2026-05-13_3,20260513_tistory_011_microsoft365기본버전64비트,tistory,microsoft 365 기본 버전 64 비트 차이 어떤 상황에서 무엇을 골라야 하는지 정리,microsoft 365 기본 버전 64 비트 차이,decision_guide,decision_guide_lead_2,standard,field_note,conclusion_1,handoff_first,62.24,80,0,10,12,0,8,0,30,0.3602,0.3734,accepted,same rhythm slot as previous output; style slot repeated in recent outputs; ending slot repeated,1,local+bilingual,229.702,229.76,2026-05-13 03:16:01
2026-05-13_4,20260513_naver_003_ppt트러스트센터설정으로보안오류해결하,naver,PPT 트러스트 센터 설정으로 보안 오류 해결하기 문제를 줄이는 실무 처리 순서,PPT 트러스트 센터 설정으로 보안 오류 해결하기,decision_guide,decision_guide_lead_4,standard,field_note,conclusion_2,scope_first,77.44,72,0,0,0,0,0,0,0,0.1617,0.2152,accepted,no major diversity concentration detected,1,local+bilingual,210.734,210.788,2026-05-13 13:40:58
2026-05-13_4,20260513_naver_001_블렌더초보자자주하는오류5가지,naver,블렌더 초보자 자주 하는 오류 5가지 자주 생기는 이유와 점검 순서,블렌더 초보자 자주 하는 오류 5가지,problem_solution,problem_solution_lead_2,standard,operator_brief,conclusion_2,scope_first,77.0,72,0,10,0,8,8,0,26,0.3105,0.3169,accepted,same rhythm slot as previous output; transition signature repeated; ending slot repeated,1,local+bilingual,225.039,225.056,2026-05-13 13:41:12
2026-05-13_4,20260513_naver_004_셀병합문제해결하고보고서만들기,naver,셀 병합 문제 해결하고 보고서 만들기 해결 전에 먼저 확인할 것,셀 병합 문제 해결하고 보고서 만들기,checklist_review,checklist_review_lead_4,action_first,operator_brief,conclusion_2,handoff_first,62.86,69,0,0,12,0,8,0,20,0.2954,0.2836,accepted,style slot repeated in recent outputs; ending slot repeated,1,local+bilingual,231.962,232.03,2026-05-13 13:41:19
2026-05-13_4,20260513_naver_002_트렐로알림설정안됨,naver,트렐로 알림 설정 안됨 원인과 해결 방법,트렐로 알림 설정 안됨,checklist_review,checklist_review_lead_2,action_first,operator_brief,conclusion_3,handoff_first,61.48,69,15,10,12,8,0,0,45,0.3712,0.3237,accepted,same structure slot as previous output; same rhythm slot as previous output; style slot repeated in recent outputs; transition signature repeated,1,local+structure,266.665,266.7,2026-05-13 13:41:53
2026-05-13_5,20260513_tistory_008_블렌더렌더링메모리캐시관리,tistory,블렌더 렌더링 메모리 캐시 관리 시작 전에 정해야 할 것들,블렌더 렌더링 메모리 캐시 관리,workflow_playbook,workflow_playbook_lead_2,action_first,field_note,conclusion_3,scope_first,76.55,74,0,0,0,0,0,0,0,0.2731,0.2656,accepted,no major diversity concentration detected,1,local+bilingual,282.659,282.735,2026-05-13 13:55:02
2026-05-13_5,20260513_blogspot_kr_005_ai를활용한ppt만들기,blogspot_kr,ai를 활용한 ppt 만들기 초보자도 이해하기 쉬운 설정과 활용,ai를 활용한 ppt 만들기,workflow_playbook,workflow_playbook_lead_1,action_first,operator_brief,conclusion_3,scope_first,77.69,74,15,10,0,8,18,0,51,0.2922,0.2781,accepted,same structure slot as previous output; same rhythm slot as previous output; transition signature repeated; ending slot repeated; same structure and ending pairing repeated,1,local+bilingual,290.772,290.8,2026-05-13 13:55:10
2026-05-13_5,20260513_blogspot_kr_006_언리얼lod설정자동화,blogspot_kr,언리얼 LOD 설정 자동화 시작 전 알아야 할 것만 정리했습니다,언리얼 LOD 설정 자동화,quickstart_entry,quickstart_entry_lead_4,standard,field_note,conclusion_3,scope_first,59.02,69,0,0,12,8,8,0,28,0.2431,0.269,similarity_retry,style slot repeated in recent outputs; transition signature repeated; ending slot repeated,1,local+structure,307.96,308.003,2026-05-13 13:55:27
2026-05-13_5,20260513_blogspot_kr_006_언리얼lod설정자동화,blogspot_kr,"언리얼 LOD 설정 자동화 오류 줄이는 순서, 이 지점부터 보세요",언리얼 LOD 설정 자동화,problem_solution,problem_solution_lead_2,evidence_led,operator_brief,conclusion_1,handoff_first,76.9,72,0,0,12,0,0,0,12,0.2485,0.2311,accepted,style slot repeated in recent outputs,2,local+bilingual,135.417,135.44,2026-05-13 13:57:43
2026-05-13_5,20260513_blogspot_kr_007_스마트폰기본브라우저설정,blogspot_kr,스마트폰 기본브라우저 설정 처음 시작할 때 알아두면 좋은 사용법,스마트폰 기본브라우저 설정,quickstart_entry,quickstart_entry_lead_1,standard,operator_brief,conclusion_2,scope_first,59.49,69,0,0,12,8,0,0,20,0.3191,0.3082,similarity_retry,style slot repeated in recent outputs; transition signature repeated,1,local+structure,311.377,311.438,2026-05-13 13:55:31
2026-05-13_5,20260513_blogspot_kr_007_스마트폰기본브라우저설정,blogspot_kr,스마트폰 기본브라우저 설정 처음 시작할 때 알아두면 좋은 사용법,스마트폰 기본브라우저 설정,problem_solution,problem_solution_lead_5,risk_led,checklist_mode,conclusion_3,scope_first,75.84,72,15,0,0,8,0,0,23,0.3002,0.3095,accepted,same structure slot as previous output; transition signature repeated,2,local+structure,159.104,159.119,2026-05-13 13:58:10
2026-05-13_6,20260513_tistory_009_노션으로주간플래너와할일목록자동화,tistory,노션으로 주간 플래너와 할 일 목록 자동화 실무에서 바로 쓰는 방법,노션으로 주간 플래너와 할 일 목록 자동화,workflow_playbook,workflow_playbook_lead_5,action_first,field_note,conclusion_2,handoff_first,77.37,74,0,0,0,0,0,0,0,0.3327,0.3464,accepted,no major diversity concentration detected,1,local+bilingual,164.082,164.107,2026-05-13 14:52:06
2026-05-13_6,20260513_tistory_011_vs코드파이썬설정,tistory,vs 코드 파이썬 설정 차이점과 선택 기준 정리,vs 코드 파이썬 설정,decision_guide,decision_guide_lead_2,action_first,field_note,conclusion_2,scope_first,76.27,72,0,10,12,0,8,0,30,0.4451,0.3768,accepted,same rhythm slot as previous output; style slot repeated in recent outputs; ending slot repeated,1,local+bilingual,229.634,229.691,2026-05-13 14:53:11
2026-05-13_6,20260513_tistory_010_블렌더렌더엔진cyclesvseevee,tistory,블렌더 렌더 엔진 Cycles vs Eevee 선택 기준 차이점과 선택 기준 정리,블렌더 렌더 엔진 Cycles vs Eevee 선택 기준,checklist_review,checklist_review_lead_3,action_first,operator_brief,conclusion_2,handoff_first,62.95,69,0,10,0,8,8,0,26,0.4878,0.4232,accepted,same rhythm slot as previous output; transition signature repeated; ending slot repeated,1,local+bilingual,236.385,236.425,2026-05-13 14:53:18
2026-05-13_6,20260513_blogspot_kr_012_unityawakestart차이,blogspot_kr,unity awake start 차이 차이점과 선택 기준 정리,unity awake start 차이,decision_guide,decision_guide_lead_3,action_first,field_note,conclusion_1,scope_first,77.75,72,0,10,12,8,0,0,30,0.2984,0.3075,accepted,same rhythm slot as previous output; style slot repeated in recent outputs; transition signature repeated,1,local+bilingual,273.056,273.128,2026-05-13 14:53:55
