category,keyword,source,search_intent,trend_score,difficulty,duplicate_risk,created_at,reason
excel,엑셀 업데이트 후 발생하는 오류 대처와 롤백 방법,perplexity_questions,problem_solving,100,low,low,2026-04-26,문제 해결형 검색어라 방문 의도가 강합니다.
ppt,문제점과 해결방안 슬라이드 만드는 실무 템플릿 10종,perplexity_questions,problem_solving,100,low,low,2026-04-26,문제 해결형 검색어라 방문 의도가 강합니다.
ppt,트러스트 센터 설정으로 PPT 파일 위치 오류 해결,perplexity_questions,problem_solving,100,low,low,2026-04-26,문제 해결형 검색어라 방문 의도가 강합니다.
ppt,SWOT 분석 포함 문제 해결 PPT 실무 예시,perplexity_questions,problem_solving,100,low,low,2026-04-26,문제 해결형 검색어라 방문 의도가 강합니다.
general_it,Git 브랜치 충돌 발생 시 실무 해결 팁,perplexity_questions,problem_solving,100,low,low,2026-04-26,문제 해결형 검색어라 방문 의도가 강합니다.
excel,엑셀 VLOOKUP 함수 실무 사용법과 오류 해결,perplexity_questions,problem_solving,100,low,low,2026-04-26,문제 해결형 검색어라 방문 의도가 강합니다.
ppt,로직 트리 활용한 PPT 문제 해결 기법,perplexity_questions,problem_solving,100,low,low,2026-04-26,문제 해결형 검색어라 방문 의도가 강합니다.
ppt,비즈니스 보고서 PPT 문제 인식부터 해결까지 구조,perplexity_questions,problem_solving,100,low,low,2026-04-26,문제 해결형 검색어라 방문 의도가 강합니다.
ppt,3M 모델로 PPT 문제 원인 분석하는 사용법,perplexity_questions,problem_solving,100,low,low,2026-04-26,문제 해결형 검색어라 방문 의도가 강합니다.
ppt,실무에서 자주 쓰는 문제 해결 슬라이드 템플릿 커스터마이징,perplexity_questions,problem_solving,100,low,low,2026-04-26,문제 해결형 검색어라 방문 의도가 강합니다.
ppt,PPT 트러스트 센터 설정으로 보안 오류 해결하기,perplexity_questions,problem_solving,100,low,low,2026-04-26,문제 해결형 검색어라 방문 의도가 강합니다.
word,워드 Copilot으로 여러 문서 정보 합성하는 실무 방법,perplexity_questions,how_to,100,low,low,2026-04-26,사용 방법을 찾는 검색어라 단계별 설명 글로 만들기 좋습니다.
general_it,VPN 초보자 가입부터 설정까지 단계별 사용법,perplexity_questions,how_to,100,low,low,2026-04-26,사용 방법을 찾는 검색어라 단계별 설명 글로 만들기 좋습니다.
excel,셀 병합 문제 해결하고 보고서 만들기,perplexity_questions,problem_solving,100,low,low,2026-04-28,문제 해결형 검색어라 방문 의도가 강합니다.
ppt,초보자용 PowerPoint 단축키 10가지 실무 활용법,perplexity_questions,practical,100,low,low,2026-04-28,실무 활용 의도가 강해 경험형 콘텐츠로 확장하기 좋습니다.
ppt,PPT 하이퍼링크 설정과 클릭 오류 수정 방법,perplexity_questions,problem_solving,100,low,low,2026-04-28,문제 해결형 검색어라 방문 의도가 강합니다.
excel,엑셀 응답 없음 오류를 안전 모드로 해결하는 단계,perplexity_questions,problem_solving,95,low,low,2026-04-26,문제 해결형 검색어라 방문 의도가 강합니다.
excel,엑셀 멈춤 현상 원인과 7가지 실전 해결 팁,perplexity_questions,problem_solving,95,low,low,2026-04-26,문제 해결형 검색어라 방문 의도가 강합니다.
excel,엑셀 COM 애드인 비활성화로 충돌 오류 잡기,perplexity_questions,problem_solving,95,low,low,2026-04-26,문제 해결형 검색어라 방문 의도가 강합니다.
excel,엑셀 통합 문서 검사로 파일 오류 자동 진단,perplexity_questions,problem_solving,95,low,low,2026-04-26,문제 해결형 검색어라 방문 의도가 강합니다.
excel,엑셀 XLStart 폴더 파일로 인한 시작 오류 해결,perplexity_questions,problem_solving,95,low,low,2026-04-26,문제 해결형 검색어라 방문 의도가 강합니다.
ppt,ppt 오류 153 동영상 플레이어 구성 오류,google_suggest,problem_solving,95,low,low,2026-04-26,문제 해결형 검색어라 방문 의도가 강합니다.
ppt,PPT 동영상 삽입 실패 문제 4가지 쉬운 해결,perplexity_questions,problem_solving,95,low,low,2026-04-26,문제 해결형 검색어라 방문 의도가 강합니다.
ppt,Logic Tree로 문제 분석 PPT 구조화하는 법,perplexity_questions,problem_solving,95,low,low,2026-04-26,문제 해결형 검색어라 방문 의도가 강합니다.
ppt,3M Model 문제 해결 PPT 작성 가이드,perplexity_questions,problem_solving,95,low,low,2026-04-26,문제 해결형 검색어라 방문 의도가 강합니다.
ppt,문제 해결 기법 PPT에서 MECE 원칙 적용하기,perplexity_questions,problem_solving,95,low,low,2026-04-26,문제 해결형 검색어라 방문 의도가 강합니다.
ppt,문제 인식부터 실행 계획까지 PPT 7단계 구조,perplexity_questions,problem_solving,95,low,low,2026-04-26,문제 해결형 검색어라 방문 의도가 강합니다.
ppt,프레젠테이션 복구 시도 오류 PPT 고치는 단계별 가이드,perplexity_questions,problem_solving,95,low,low,2026-04-26,문제 해결형 검색어라 방문 의도가 강합니다.
word,word 오류 책갈피가 정의되어 있지 않습니다,google_suggest,problem_solving,95,low,low,2026-04-26,문제 해결형 검색어라 방문 의도가 강합니다.
word,word 오류 참조 원본을 찾을 수 없습니다,google_suggest,problem_solving,95,low,low,2026-04-26,문제 해결형 검색어라 방문 의도가 강합니다.
word,word 에 오류 가 생겨 제대로 작동 할 수 없습니다,google_suggest,problem_solving,95,low,low,2026-04-26,문제 해결형 검색어라 방문 의도가 강합니다.
word,word pdf 오류 로 인해 내 보내지 못했습니다,google_suggest,problem_solving,95,low,low,2026-04-26,문제 해결형 검색어라 방문 의도가 강합니다.
word,word 에 문제 가 발생 했습니다,google_suggest,problem_solving,95,low,low,2026-04-26,문제 해결형 검색어라 방문 의도가 강합니다.
word,word 콘텐츠에 문제가 발견되어,google_suggest,problem_solving,95,low,low,2026-04-26,문제 해결형 검색어라 방문 의도가 강합니다.
word,word 죄송합니다 콘텐츠에 문제가 발견되어,google_suggest,problem_solving,95,low,low,2026-04-26,문제 해결형 검색어라 방문 의도가 강합니다.
word,워드 서식 깨짐 문제 단계별 해결법,perplexity_questions,problem_solving,95,low,low,2026-04-26,문제 해결형 검색어라 방문 의도가 강합니다.
word,워드 응답 없음 오류 빠른 해결 가이드,perplexity_questions,problem_solving,95,low,low,2026-04-26,문제 해결형 검색어라 방문 의도가 강합니다.
word,워드 안전 모드 실행하고 문제 진단하기,perplexity_questions,problem_solving,95,low,low,2026-04-26,문제 해결형 검색어라 방문 의도가 강합니다.
word,워드 추가 기능 비활성화로 오류 해결,perplexity_questions,problem_solving,95,low,low,2026-04-26,문제 해결형 검색어라 방문 의도가 강합니다.
word,워드 캡션 표 붙음 문제 실전 해결 팁,perplexity_questions,problem_solving,95,low,low,2026-04-26,문제 해결형 검색어라 방문 의도가 강합니다.
word,워드 논문 작성 시 자주 발생하는 짜증 현상 해결,perplexity_questions,problem_solving,95,low,low,2026-04-26,문제 해결형 검색어라 방문 의도가 강합니다.
word,워드 오류 메시지별 즉시 대처 가이드,perplexity_questions,problem_solving,95,low,low,2026-04-26,문제 해결형 검색어라 방문 의도가 강합니다.
general_it,VPN 연결 끊김 문제 Windows 실시간 해결,perplexity_questions,problem_solving,95,low,low,2026-04-26,문제 해결형 검색어라 방문 의도가 강합니다.
excel,IFERROR로 함수 오류 대체값 처리하기,perplexity_questions,problem_solving,95,low,low,2026-04-26,문제 해결형 검색어라 방문 의도가 강합니다.
ppt,문제점과 해결방안 슬라이드 효과적으로 구성하기,perplexity_questions,problem_solving,95,low,low,2026-04-26,문제 해결형 검색어라 방문 의도가 강합니다.
ppt,무료 문제 해결 PPT 템플릿 10개 비교 리뷰,perplexity_questions,problem_solving,95,low,low,2026-04-26,문제 해결형 검색어라 방문 의도가 강합니다.
ppt,프레젠테이션 중 PPT 멈춤 현상 즉시 해결 팁,perplexity_questions,problem_solving,95,low,low,2026-04-26,문제 해결형 검색어라 방문 의도가 강합니다.
ppt,MECE 원칙 적용한 PPT 문제 분석 슬라이드 제작,perplexity_questions,problem_solving,95,low,low,2026-04-26,문제 해결형 검색어라 방문 의도가 강합니다.
ppt,비즈니스 PPT 문제점 제시 후 실행 계획 제안하는 법,perplexity_questions,problem_solving,95,low,low,2026-04-26,문제 해결형 검색어라 방문 의도가 강합니다.
unity,Visual Studio Unity 디버깅 연결 오류 해결,perplexity_questions,problem_solving,95,low,low,2026-04-26,문제 해결형 검색어라 방문 의도가 강합니다.
unreal,퀵셀브릿지에서 한국어 경로로 임포트 오류 해결,perplexity_questions,problem_solving,95,low,low,2026-04-26,문제 해결형 검색어라 방문 의도가 강합니다.
general_it,스마트폰 배터리 빨리 닳는 문제 원인과 해결,perplexity_questions,problem_solving,95,low,low,2026-04-26,문제 해결형 검색어라 방문 의도가 강합니다.
general_it,안드로이드 앱 충돌 오류 로그 확인하고 수정하기,perplexity_questions,problem_solving,95,low,low,2026-04-26,문제 해결형 검색어라 방문 의도가 강합니다.
excel,cad connect excel 오류,google_suggest,problem_solving,95,low,low,2026-04-28,문제 해결형 검색어라 방문 의도가 강합니다.
excel,IFERROR로 엑셀 오류 메시지 대체하기,perplexity_questions,problem_solving,95,low,low,2026-04-28,문제 해결형 검색어라 방문 의도가 강합니다.
ppt,PPT 폰트 호환성 문제 해결과 추천 폰트 비교,perplexity_questions,problem_solving,95,low,low,2026-04-28,문제 해결형 검색어라 방문 의도가 강합니다.
word,워드 응답 없음 오류 안전 모드 실행 팁,perplexity_questions,problem_solving,95,low,low,2026-04-28,문제 해결형 검색어라 방문 의도가 강합니다.
word,워드 표 잘림 현상 1초 해결 꿀팁,perplexity_questions,problem_solving,95,low,low,2026-04-28,문제 해결형 검색어라 방문 의도가 강합니다.
word,워드 캡션 표 붙음 문제 고치는 법,perplexity_questions,problem_solving,95,low,low,2026-04-28,문제 해결형 검색어라 방문 의도가 강합니다.
word,워드 추가 기능 비활성화해 오류 해결,perplexity_questions,problem_solving,95,low,low,2026-04-28,문제 해결형 검색어라 방문 의도가 강합니다.
word,워드 논문 작성 시 들여쓰기 오류 수정,perplexity_questions,problem_solving,95,low,low,2026-04-28,문제 해결형 검색어라 방문 의도가 강합니다.
excel,엑셀 파일 손상 시 Microsoft Office 복구 도구 활용,perplexity_questions,practical,90,low,low,2026-04-26,실무 활용 의도가 강해 경험형 콘텐츠로 확장하기 좋습니다.
notion,노션으로 개인 재정 관리 대시보드 구축하기,perplexity_questions,practical,90,low,low,2026-04-26,실무 활용 의도가 강해 경험형 콘텐츠로 확장하기 좋습니다.
notion,노션 공식 템플릿 커스터마이징 실무 가이드,perplexity_questions,practical,90,low,low,2026-04-26,실무 활용 의도가 강해 경험형 콘텐츠로 확장하기 좋습니다.
notion,노션 서브페이지와 링크 데이터베이스로 지식 정리,perplexity_questions,practical,90,low,low,2026-04-26,실무 활용 의도가 강해 경험형 콘텐츠로 확장하기 좋습니다.
notion,노션으로 주간 플래너와 할 일 목록 자동화,perplexity_questions,practical,90,low,low,2026-04-26,실무 활용 의도가 강해 경험형 콘텐츠로 확장하기 좋습니다.
ppt,이슈와 개선 방향 제안하는 PPT 템플릿 활용법,perplexity_questions,practical,90,low,low,2026-04-26,실무 활용 의도가 강해 경험형 콘텐츠로 확장하기 좋습니다.
word,워드 문서 손상 복구 및 텍스트 패드 활용법,perplexity_questions,practical,90,low,low,2026-04-26,실무 활용 의도가 강해 경험형 콘텐츠로 확장하기 좋습니다.
unity,실무형 unity 게임개발자 양성과정,google_suggest,practical,90,low,low,2026-04-26,실무 활용 의도가 강해 경험형 콘텐츠로 확장하기 좋습니다.
unreal,언리얼 UE5 멀티스레딩 디버깅 실무 팁,perplexity_questions,practical,90,low,low,2026-04-26,실무 활용 의도가 강해 경험형 콘텐츠로 확장하기 좋습니다.
unreal,언리얼 레벨 인스턴스 활용 시 주의점과 팁,perplexity_questions,practical,90,low,low,2026-04-26,실무 활용 의도가 강해 경험형 콘텐츠로 확장하기 좋습니다.
unreal,언리얼 INPUT 창에서 계산기처럼 활용하는 법,perplexity_questions,practical,90,low,low,2026-04-26,실무 활용 의도가 강해 경험형 콘텐츠로 확장하기 좋습니다.
unreal,언리얼 스플라인 메쉬로 메쉬 변형 실무 적용,perplexity_questions,practical,90,low,low,2026-04-26,실무 활용 의도가 강해 경험형 콘텐츠로 확장하기 좋습니다.
general_it,AWS EC2 인스턴스 비용 절감 실무 전략,perplexity_questions,practical,90,low,low,2026-04-26,실무 활용 의도가 강해 경험형 콘텐츠로 확장하기 좋습니다.
general_it,SSD 용량 부족 시 파일 정리 실무 도구 비교,perplexity_questions,comparison,90,low,low,2026-04-26,비교 검색 의도가 있어 선택 기준을 설명하는 글로 적합합니다.
excel,화면 보이는 셀만 복사 붙여넣기 실무 꿀팁,perplexity_questions,practical,90,low,low,2026-04-26,실무 활용 의도가 강해 경험형 콘텐츠로 확장하기 좋습니다.
excel,텍스트 함수 CONCATENATE TEXTJOIN 활용법,perplexity_questions,practical,90,low,low,2026-04-26,실무 활용 의도가 강해 경험형 콘텐츠로 확장하기 좋습니다.
excel,AVERAGE MAX MIN 함수 실무 통계 계산,perplexity_questions,practical,90,low,low,2026-04-26,실무 활용 의도가 강해 경험형 콘텐츠로 확장하기 좋습니다.
notion,노션 공식 템플릿 커스터마이징 실전 활용법,perplexity_questions,practical,90,low,low,2026-04-26,실무 활용 의도가 강해 경험형 콘텐츠로 확장하기 좋습니다.
word,워드에서 계약서 빠르게 만드는 실무 템플릿 활용법,perplexity_questions,practical,90,low,low,2026-04-26,실무 활용 의도가 강해 경험형 콘텐츠로 확장하기 좋습니다.
word,워드 빠른 표 작성으로 실무 데이터 정리 팁,perplexity_questions,practical,90,low,low,2026-04-26,실무 활용 의도가 강해 경험형 콘텐츠로 확장하기 좋습니다.
word,워드 실무에서 Copilot 정보 합성 vs 병합 기능 차이,perplexity_questions,comparison,90,low,low,2026-04-26,비교 검색 의도가 있어 선택 기준을 설명하는 글로 적합합니다.
unreal,건축 설계와 자동차 시뮬레이션에 언리얼 엔진 활용하기,perplexity_questions,practical,90,low,low,2026-04-26,실무 활용 의도가 강해 경험형 콘텐츠로 확장하기 좋습니다.
general_it,노트북 과열 방지 실무 쿨링 팬 청소 가이드,perplexity_questions,practical,90,low,low,2026-04-26,실무 활용 의도가 강해 경험형 콘텐츠로 확장하기 좋습니다.
excel,텍스트 함수 CONCATENATE TEXTJOIN 활용,perplexity_questions,practical,90,low,low,2026-04-28,실무 활용 의도가 강해 경험형 콘텐츠로 확장하기 좋습니다.
ppt,ppt 기본 글꼴 설정,google_suggest,how_to,90,medium,low,2026-04-26,사용 방법을 찾는 검색어라 단계별 설명 글로 만들기 좋습니다.
ppt,ppt 기본 템플릿 설정,google_suggest,how_to,90,medium,low,2026-04-26,사용 방법을 찾는 검색어라 단계별 설명 글로 만들기 좋습니다.
ppt,ppt 기본 폰트 설정,google_suggest,how_to,90,medium,low,2026-04-26,사용 방법을 찾는 검색어라 단계별 설명 글로 만들기 좋습니다.
ppt,ppt 문제 만들기,google_suggest,problem_solving,90,medium,low,2026-04-26,문제 해결형 검색어라 방문 의도가 강합니다.
word,word 기본 글꼴 설정,google_suggest,how_to,90,medium,low,2026-04-26,사용 방법을 찾는 검색어라 단계별 설명 글로 만들기 좋습니다.
word,word 기본 앱 설정,google_suggest,how_to,90,medium,low,2026-04-26,사용 방법을 찾는 검색어라 단계별 설명 글로 만들기 좋습니다.
word,word 기본 폰트 설정,google_suggest,how_to,90,medium,low,2026-04-26,사용 방법을 찾는 검색어라 단계별 설명 글로 만들기 좋습니다.
word,word 기본 프로그램 설정,google_suggest,how_to,90,medium,low,2026-04-26,사용 방법을 찾는 검색어라 단계별 설명 글로 만들기 좋습니다.
ppt,ppt 기본 도형 설정,google_suggest,how_to,90,medium,low,2026-04-28,사용 방법을 찾는 검색어라 단계별 설명 글로 만들기 좋습니다.
excel,cad connect excel 사용법,google_suggest,how_to,85,low,low,2026-04-26,사용 방법을 찾는 검색어라 단계별 설명 글로 만들기 좋습니다.
excel,엑셀 파일 열리지 않을 때 열기 및 복구 기능 사용법,perplexity_questions,how_to,85,low,low,2026-04-26,사용 방법을 찾는 검색어라 단계별 설명 글로 만들기 좋습니다.
notion,save to notion 사용법,google_suggest,how_to,85,low,low,2026-04-26,사용 방법을 찾는 검색어라 단계별 설명 글로 만들기 좋습니다.
notion,chat to notion 사용법,google_suggest,how_to,85,low,low,2026-04-26,사용 방법을 찾는 검색어라 단계별 설명 글로 만들기 좋습니다.
notion,tailored notion 사용법,google_suggest,how_to,85,low,low,2026-04-26,사용 방법을 찾는 검색어라 단계별 설명 글로 만들기 좋습니다.
notion,openclaw notion 사용법,google_suggest,how_to,85,low,low,2026-04-26,사용 방법을 찾는 검색어라 단계별 설명 글로 만들기 좋습니다.
notion,노션에서 반복 블록 템플릿 만드는 실전 사용법,perplexity_questions,how_to,85,low,low,2026-04-26,사용 방법을 찾는 검색어라 단계별 설명 글로 만들기 좋습니다.
notion,노션 팀 협업 시 권한 설정과 공유 최적화 팁,perplexity_questions,how_to,85,low,low,2026-04-26,사용 방법을 찾는 검색어라 단계별 설명 글로 만들기 좋습니다.
ppt,손상된 PPT 파일 복구하는 최고의 6가지 방법,perplexity_questions,how_to,85,low,low,2026-04-26,사용 방법을 찾는 검색어라 단계별 설명 글로 만들기 좋습니다.
ppt,자동 복구 기능으로 PPT 데이터 손실 방지 사용법,perplexity_questions,how_to,85,low,low,2026-04-26,사용 방법을 찾는 검색어라 단계별 설명 글로 만들기 좋습니다.
word,워드 파일 열리지 않을 때 복구 방법,perplexity_questions,how_to,85,low,low,2026-04-26,사용 방법을 찾는 검색어라 단계별 설명 글로 만들기 좋습니다.
word,워드 글씨 간격 이상 키보드 설정 수정,perplexity_questions,how_to,85,low,low,2026-04-26,사용 방법을 찾는 검색어라 단계별 설명 글로 만들기 좋습니다.
word,워드 레지스트리 키 삭제로 설정 초기화,perplexity_questions,how_to,85,low,low,2026-04-26,사용 방법을 찾는 검색어라 단계별 설명 글로 만들기 좋습니다.
unreal,언리얼 뷰포트 빠른 전환과 축 고정 이동 사용법,perplexity_questions,how_to,85,low,low,2026-04-26,사용 방법을 찾는 검색어라 단계별 설명 글로 만들기 좋습니다.
unreal,언리얼 폴리지 단일 인스턴스 심기 최적화 방법,perplexity_questions,how_to,85,low,low,2026-04-26,사용 방법을 찾는 검색어라 단계별 설명 글로 만들기 좋습니다.
general_it,React 앱 빌드 속도 높이는 Webpack 설정,perplexity_questions,how_to,85,low,low,2026-04-26,사용 방법을 찾는 검색어라 단계별 설명 글로 만들기 좋습니다.
excel,이미지 표를 엑셀 텍스트로 변환하는 방법,perplexity_questions,how_to,85,low,low,2026-04-26,사용 방법을 찾는 검색어라 단계별 설명 글로 만들기 좋습니다.
notion,노션으로 개인 워크스페이스 커스터마이징 초보 가이드,perplexity_questions,informational,85,low,low,2026-04-26,정보 탐색형 검색어라 기초 설명 글로 만들기 좋습니다.
ppt,PPT 손상 복구하는 6가지 실전 방법,perplexity_questions,how_to,85,low,low,2026-04-26,사용 방법을 찾는 검색어라 단계별 설명 글로 만들기 좋습니다.
ppt,손상된 PPT 파일 자동 복구 기능 활성화 방법,perplexity_questions,how_to,85,low,low,2026-04-26,사용 방법을 찾는 검색어라 단계별 설명 글로 만들기 좋습니다.
word,워드 사용자 지정 탭 설정으로 표 작업 효율화,perplexity_questions,how_to,85,low,low,2026-04-26,사용 방법을 찾는 검색어라 단계별 설명 글로 만들기 좋습니다.
general_it,USB 포트 인식 안 될 때 드라이버 업데이트 방법,perplexity_questions,how_to,85,low,low,2026-04-26,사용 방법을 찾는 검색어라 단계별 설명 글로 만들기 좋습니다.
general_it,Git 초보자용 GitHub 저장소 클론 및 푸시 튜토리얼,perplexity_questions,informational,85,low,low,2026-04-26,정보 탐색형 검색어라 기초 설명 글로 만들기 좋습니다.
ppt,효과적인 PPT 차트 삽입 및 데이터 시각화 사용법,perplexity_questions,how_to,85,low,low,2026-04-28,사용 방법을 찾는 검색어라 단계별 설명 글로 만들기 좋습니다.
word,워드 파일 열리지 않을 때 7가지 방법,perplexity_questions,how_to,85,low,low,2026-04-28,사용 방법을 찾는 검색어라 단계별 설명 글로 만들기 좋습니다.
word,워드 데이터 레지스트리 키 삭제 방법,perplexity_questions,how_to,85,low,low,2026-04-28,사용 방법을 찾는 검색어라 단계별 설명 글로 만들기 좋습니다.
notion,Save to notion 오류,google_suggest,problem_solving,85,medium,low,2026-04-26,문제 해결형 검색어라 방문 의도가 강합니다.
ppt,ppt 영상 재생 안됨,google_suggest,problem_solving,85,medium,low,2026-04-26,문제 해결형 검색어라 방문 의도가 강합니다.
ppt,ppt 폰트 적용 안됨,google_suggest,problem_solving,85,medium,low,2026-04-26,문제 해결형 검색어라 방문 의도가 강합니다.
ppt,ppt pdf변환 안됨,google_suggest,problem_solving,85,medium,low,2026-04-26,문제 해결형 검색어라 방문 의도가 강합니다.
ppt,ppt 글꼴 변경 안됨,google_suggest,problem_solving,85,medium,low,2026-04-26,문제 해결형 검색어라 방문 의도가 강합니다.
ppt,ppt 글꼴 적용 안됨,google_suggest,problem_solving,85,medium,low,2026-04-26,문제 해결형 검색어라 방문 의도가 강합니다.
ppt,ppt 오류 가 발생 하여,google_suggest,problem_solving,85,medium,low,2026-04-26,문제 해결형 검색어라 방문 의도가 강합니다.
ppt,ppt 오류 글꼴 찾기,google_suggest,problem_solving,85,medium,low,2026-04-26,문제 해결형 검색어라 방문 의도가 강합니다.
ppt,미리캔버스 ai ppt 오류,google_suggest,problem_solving,85,medium,low,2026-04-26,문제 해결형 검색어라 방문 의도가 강합니다.
ppt,ppt 트루타입이 아닙니다 해결,google_suggest,problem_solving,85,medium,low,2026-04-26,문제 해결형 검색어라 방문 의도가 강합니다.
ppt,ppt 문제점 해결 방안,google_suggest,problem_solving,85,medium,low,2026-04-26,문제 해결형 검색어라 방문 의도가 강합니다.
ppt,ppt 폰트 깨짐 해결,google_suggest,problem_solving,85,medium,low,2026-04-26,문제 해결형 검색어라 방문 의도가 강합니다.
ppt,문제 해결 ppt 템플릿,google_suggest,problem_solving,85,medium,low,2026-04-26,문제 해결형 검색어라 방문 의도가 강합니다.
ppt,문제점 및 해결방안 ppt,google_suggest,problem_solving,85,medium,low,2026-04-26,문제 해결형 검색어라 방문 의도가 강합니다.
ppt,맥킨지 문제 해결 ppt,google_suggest,problem_solving,85,medium,low,2026-04-26,문제 해결형 검색어라 방문 의도가 강합니다.
ppt,PPT자동화 방법,naver_suggest,how_to,85,medium,low,2026-04-26,사용 방법을 찾는 검색어라 단계별 설명 글로 만들기 좋습니다.
ppt,ppt 활용 방법,google_suggest,how_to,85,medium,low,2026-04-26,사용 방법을 찾는 검색어라 단계별 설명 글로 만들기 좋습니다.
ppt,ppt 문제 만들어주는 ai,google_suggest,problem_solving,85,medium,low,2026-04-26,문제 해결형 검색어라 방문 의도가 강합니다.
ppt,ppt 문제 해결 템플릿,google_suggest,problem_solving,85,medium,low,2026-04-26,문제 해결형 검색어라 방문 의도가 강합니다.
word,word 수식 입력 안됨,google_suggest,problem_solving,85,medium,low,2026-04-26,문제 해결형 검색어라 방문 의도가 강합니다.
word,word 페이지 삭제 안됨,google_suggest,problem_solving,85,medium,low,2026-04-26,문제 해결형 검색어라 방문 의도가 강합니다.
word,word 2016 실행 안됨,google_suggest,problem_solving,85,medium,low,2026-04-26,문제 해결형 검색어라 방문 의도가 강합니다.
word,word 복사 붙여넣기 안됨,google_suggest,problem_solving,85,medium,low,2026-04-26,문제 해결형 검색어라 방문 의도가 강합니다.
word,word 파일 저장 안됨,google_suggest,problem_solving,85,medium,low,2026-04-26,문제 해결형 검색어라 방문 의도가 강합니다.
word,word 띄어쓰기 간격 오류,google_suggest,problem_solving,85,medium,low,2026-04-26,문제 해결형 검색어라 방문 의도가 강합니다.
word,word pdf 변환 오류,google_suggest,problem_solving,85,medium,low,2026-04-26,문제 해결형 검색어라 방문 의도가 강합니다.
word,endnote word 오류,google_suggest,problem_solving,85,medium,low,2026-04-26,문제 해결형 검색어라 방문 의도가 강합니다.
unity,로드나인 unity 오류,google_suggest,problem_solving,85,medium,low,2026-04-26,문제 해결형 검색어라 방문 의도가 강합니다.
unity,얼 불춤 unity 오류,google_suggest,problem_solving,85,medium,low,2026-04-26,문제 해결형 검색어라 방문 의도가 강합니다.
unity,스타레일 unity 오류,google_suggest,problem_solving,85,medium,low,2026-04-26,문제 해결형 검색어라 방문 의도가 강합니다.
unity,리썰 컴퍼니 unity 오류,google_suggest,problem_solving,85,medium,low,2026-04-26,문제 해결형 검색어라 방문 의도가 강합니다.
unity,이터널 리턴 unity 오류,google_suggest,problem_solving,85,medium,low,2026-04-26,문제 해결형 검색어라 방문 의도가 강합니다.
excel,서식 복사로 셀 병합 문제 해결,perplexity_questions,problem_solving,85,medium,low,2026-04-26,문제 해결형 검색어라 방문 의도가 강합니다.
notion,make notion 자동화,google_suggest,practical,80,medium,low,2026-04-26,실무 활용 의도가 강해 경험형 콘텐츠로 확장하기 좋습니다.
ppt,오빠두엑셀 ppt 자동화,google_suggest,practical,80,medium,low,2026-04-26,실무 활용 의도가 강해 경험형 콘텐츠로 확장하기 좋습니다.
ppt,ppt 정리해주는 ai,google_suggest,practical,80,medium,low,2026-04-26,실무 활용 의도가 강해 경험형 콘텐츠로 확장하기 좋습니다.
ppt,ppt 정리 ai 디시,google_suggest,practical,80,medium,low,2026-04-26,실무 활용 의도가 강해 경험형 콘텐츠로 확장하기 좋습니다.
ppt,ppt 정리 ai 추천,google_suggest,practical,80,medium,low,2026-04-26,실무 활용 의도가 강해 경험형 콘텐츠로 확장하기 좋습니다.
ppt,Ppt 정리해주는 사이트,google_suggest,practical,80,medium,low,2026-04-26,실무 활용 의도가 강해 경험형 콘텐츠로 확장하기 좋습니다.
ppt,코 파일럿 ppt 활용,google_suggest,practical,80,medium,low,2026-04-26,실무 활용 의도가 강해 경험형 콘텐츠로 확장하기 좋습니다.
word,word 기본설정,google_suggest,how_to,80,medium,low,2026-04-26,사용 방법을 찾는 검색어라 단계별 설명 글로 만들기 좋습니다.
word,word 참고문헌 정리,google_suggest,practical,80,medium,low,2026-04-26,실무 활용 의도가 강해 경험형 콘텐츠로 확장하기 좋습니다.
excel,pdf to excel 방법,google_suggest,how_to,75,medium,low,2026-04-26,사용 방법을 찾는 검색어라 단계별 설명 글로 만들기 좋습니다.
excel,gpt for excel 사용법,google_suggest,how_to,75,medium,low,2026-04-26,사용 방법을 찾는 검색어라 단계별 설명 글로 만들기 좋습니다.
notion,맥북 Notion 사용법,google_suggest,how_to,75,medium,low,2026-04-26,사용 방법을 찾는 검색어라 단계별 설명 글로 만들기 좋습니다.
ppt,ppt pdf변환 방법,google_suggest,how_to,75,medium,low,2026-04-26,사용 방법을 찾는 검색어라 단계별 설명 글로 만들기 좋습니다.
ppt,ppt 폰트 적용 방법,google_suggest,how_to,75,medium,low,2026-04-26,사용 방법을 찾는 검색어라 단계별 설명 글로 만들기 좋습니다.
ppt,ppt 폰트 추가 방법,google_suggest,how_to,75,medium,low,2026-04-26,사용 방법을 찾는 검색어라 단계별 설명 글로 만들기 좋습니다.
ppt,ppt 용량 줄이는 방법,google_suggest,how_to,75,medium,low,2026-04-26,사용 방법을 찾는 검색어라 단계별 설명 글로 만들기 좋습니다.
ppt,ppt 공유 하는 방법,google_suggest,how_to,75,medium,low,2026-04-26,사용 방법을 찾는 검색어라 단계별 설명 글로 만들기 좋습니다.
ppt,ppt 잘 만드는 방법,google_suggest,how_to,75,medium,low,2026-04-26,사용 방법을 찾는 검색어라 단계별 설명 글로 만들기 좋습니다.
ppt,pdf to ppt 방법,google_suggest,how_to,75,medium,low,2026-04-26,사용 방법을 찾는 검색어라 단계별 설명 글로 만들기 좋습니다.
ppt,감마 ai ppt 사용법,google_suggest,how_to,75,medium,low,2026-04-26,사용 방법을 찾는 검색어라 단계별 설명 글로 만들기 좋습니다.
ppt,캔바 ai ppt 사용법,google_suggest,how_to,75,medium,low,2026-04-26,사용 방법을 찾는 검색어라 단계별 설명 글로 만들기 좋습니다.
ppt,gamma ppt 사용법,google_suggest,how_to,75,medium,low,2026-04-26,사용 방법을 찾는 검색어라 단계별 설명 글로 만들기 좋습니다.
ppt,gamma ai ppt 사용법,google_suggest,how_to,75,medium,low,2026-04-26,사용 방법을 찾는 검색어라 단계별 설명 글로 만들기 좋습니다.
ppt,코파일럿 ppt 사용법,google_suggest,how_to,75,medium,low,2026-04-26,사용 방법을 찾는 검색어라 단계별 설명 글로 만들기 좋습니다.
ppt,젠스파크 ppt 사용법,google_suggest,how_to,75,medium,low,2026-04-26,사용 방법을 찾는 검색어라 단계별 설명 글로 만들기 좋습니다.
ppt,genspark ppt 사용법,google_suggest,how_to,75,medium,low,2026-04-26,사용 방법을 찾는 검색어라 단계별 설명 글로 만들기 좋습니다.
ppt,ppt 안됨,google_suggest,problem_solving,75,medium,low,2026-04-26,문제 해결형 검색어라 방문 의도가 강합니다.
ppt,ppt 저장 안됨,google_suggest,problem_solving,75,medium,low,2026-04-26,문제 해결형 검색어라 방문 의도가 강합니다.
ppt,ppt 수정 안됨,google_suggest,problem_solving,75,medium,low,2026-04-26,문제 해결형 검색어라 방문 의도가 강합니다.
ppt,제미나이 ppt 안됨,google_suggest,problem_solving,75,medium,low,2026-04-26,문제 해결형 검색어라 방문 의도가 강합니다.
ppt,ppt 오류,google_suggest,problem_solving,75,medium,low,2026-04-26,문제 해결형 검색어라 방문 의도가 강합니다.
ppt,ppt 오류 153,google_suggest,problem_solving,75,medium,low,2026-04-26,문제 해결형 검색어라 방문 의도가 강합니다.
ppt,ppt 오류 복구,google_suggest,problem_solving,75,medium,low,2026-04-26,문제 해결형 검색어라 방문 의도가 강합니다.
ppt,ppt 오류 발생,google_suggest,problem_solving,75,medium,low,2026-04-26,문제 해결형 검색어라 방문 의도가 강합니다.
ppt,한쇼 ppt 오류,google_suggest,problem_solving,75,medium,low,2026-04-26,문제 해결형 검색어라 방문 의도가 강합니다.
ppt,ppt 해결 방안,google_suggest,problem_solving,75,medium,low,2026-04-26,문제 해결형 검색어라 방문 의도가 강합니다.
ppt,ppt 렉 해결,google_suggest,problem_solving,75,medium,low,2026-04-26,문제 해결형 검색어라 방문 의도가 강합니다.
ppt,문제 해결 ppt,google_suggest,problem_solving,75,medium,low,2026-04-26,문제 해결형 검색어라 방문 의도가 강합니다.
ppt,ppt 해결,naver_suggest,problem_solving,75,medium,low,2026-04-26,문제 해결형 검색어라 방문 의도가 강합니다.
ppt,ppt 기본 폰트 추천,google_suggest,how_to,75,medium,low,2026-04-26,사용 방법을 찾는 검색어라 단계별 설명 글로 만들기 좋습니다.
ppt,ppt 기본 글꼴 추천,google_suggest,how_to,75,medium,low,2026-04-26,사용 방법을 찾는 검색어라 단계별 설명 글로 만들기 좋습니다.
ppt,ppt 기본 글꼴 변경,google_suggest,how_to,75,medium,low,2026-04-26,사용 방법을 찾는 검색어라 단계별 설명 글로 만들기 좋습니다.
ppt,ppt 기본 템플릿 변경,google_suggest,how_to,75,medium,low,2026-04-26,사용 방법을 찾는 검색어라 단계별 설명 글로 만들기 좋습니다.
ppt,듀얼모니터 ppt 설정,google_suggest,how_to,75,medium,low,2026-04-26,사용 방법을 찾는 검색어라 단계별 설명 글로 만들기 좋습니다.
ppt,7950x3d ppt 설정,google_suggest,how_to,75,medium,low,2026-04-26,사용 방법을 찾는 검색어라 단계별 설명 글로 만들기 좋습니다.
ppt,9800x3d ppt 설정,google_suggest,how_to,75,medium,low,2026-04-26,사용 방법을 찾는 검색어라 단계별 설명 글로 만들기 좋습니다.
ppt,ppt 문제점,google_suggest,problem_solving,75,medium,low,2026-04-26,문제 해결형 검색어라 방문 의도가 강합니다.
ppt,ppt 문제정의,google_suggest,problem_solving,75,medium,low,2026-04-26,문제 해결형 검색어라 방문 의도가 강합니다.
ppt,ppt 문제,google_suggest,problem_solving,75,medium,low,2026-04-26,문제 해결형 검색어라 방문 의도가 강합니다.
ppt,ppt 문제 해결,google_suggest,problem_solving,75,medium,low,2026-04-26,문제 해결형 검색어라 방문 의도가 강합니다.
ppt,ppt 문제점 템플릿,google_suggest,problem_solving,75,medium,low,2026-04-26,문제 해결형 검색어라 방문 의도가 강합니다.
ppt,ppt 문제 제기,google_suggest,problem_solving,75,medium,low,2026-04-26,문제 해결형 검색어라 방문 의도가 강합니다.
ppt,ppt 문제 뽑는법,naver_suggest,problem_solving,75,medium,low,2026-04-26,문제 해결형 검색어라 방문 의도가 강합니다.
word,word 페이지 삭제 방법,google_suggest,how_to,75,medium,low,2026-04-26,사용 방법을 찾는 검색어라 단계별 설명 글로 만들기 좋습니다.
word,word 다운로드 방법,google_suggest,how_to,75,medium,low,2026-04-26,사용 방법을 찾는 검색어라 단계별 설명 글로 만들기 좋습니다.
word,word 목차 만드는 방법,google_suggest,how_to,75,medium,low,2026-04-26,사용 방법을 찾는 검색어라 단계별 설명 글로 만들기 좋습니다.
word,word pdf 변환 방법,google_suggest,how_to,75,medium,low,2026-04-26,사용 방법을 찾는 검색어라 단계별 설명 글로 만들기 좋습니다.
word,word 버전 확인 방법,google_suggest,how_to,75,medium,low,2026-04-26,사용 방법을 찾는 검색어라 단계별 설명 글로 만들기 좋습니다.
word,word 수식 입력 방법,google_suggest,how_to,75,medium,low,2026-04-26,사용 방법을 찾는 검색어라 단계별 설명 글로 만들기 좋습니다.
word,word 메모 삭제 방법,google_suggest,how_to,75,medium,low,2026-04-26,사용 방법을 찾는 검색어라 단계별 설명 글로 만들기 좋습니다.
word,word copilot 사용법,google_suggest,how_to,75,medium,low,2026-04-26,사용 방법을 찾는 검색어라 단계별 설명 글로 만들기 좋습니다.
word,word 코파일럿 사용법,google_suggest,how_to,75,medium,low,2026-04-26,사용 방법을 찾는 검색어라 단계별 설명 글로 만들기 좋습니다.
word,word latex 사용법,google_suggest,how_to,75,medium,low,2026-04-26,사용 방법을 찾는 검색어라 단계별 설명 글로 만들기 좋습니다.
word,zotero word 사용법,google_suggest,how_to,75,medium,low,2026-04-26,사용 방법을 찾는 검색어라 단계별 설명 글로 만들기 좋습니다.
word,endnote word 사용법,google_suggest,how_to,75,medium,low,2026-04-26,사용 방법을 찾는 검색어라 단계별 설명 글로 만들기 좋습니다.
word,mendeley word 사용법,google_suggest,how_to,75,medium,low,2026-04-26,사용 방법을 찾는 검색어라 단계별 설명 글로 만들기 좋습니다.
word,word 안됨,google_suggest,problem_solving,75,medium,low,2026-04-26,문제 해결형 검색어라 방문 의도가 강합니다.
word,word 드래그 안됨,google_suggest,problem_solving,75,medium,low,2026-04-26,문제 해결형 검색어라 방문 의도가 강합니다.
word,word 저장 안됨,google_suggest,problem_solving,75,medium,low,2026-04-26,문제 해결형 검색어라 방문 의도가 강합니다.
word,word 실행 안됨,google_suggest,problem_solving,75,medium,low,2026-04-26,문제 해결형 검색어라 방문 의도가 강합니다.
word,word 수식 안됨,google_suggest,problem_solving,75,medium,low,2026-04-26,문제 해결형 검색어라 방문 의도가 강합니다.
word,word 오류,google_suggest,problem_solving,75,medium,low,2026-04-26,문제 해결형 검색어라 방문 의도가 강합니다.
word,word 파일 오류,google_suggest,problem_solving,75,medium,low,2026-04-26,문제 해결형 검색어라 방문 의도가 강합니다.
word,ms word 오류,google_suggest,problem_solving,75,medium,low,2026-04-26,문제 해결형 검색어라 방문 의도가 강합니다.
word,word 해결,naver_suggest,problem_solving,75,medium,low,2026-04-26,문제 해결형 검색어라 방문 의도가 강합니다.
word,word 기본 글꼴 변경,google_suggest,how_to,75,medium,low,2026-04-26,사용 방법을 찾는 검색어라 단계별 설명 글로 만들기 좋습니다.
word,word 기본 줄 간격,google_suggest,how_to,75,medium,low,2026-04-26,사용 방법을 찾는 검색어라 단계별 설명 글로 만들기 좋습니다.
word,word 기본 글자 크기,google_suggest,how_to,75,medium,low,2026-04-26,사용 방법을 찾는 검색어라 단계별 설명 글로 만들기 좋습니다.
word,word 기본 저장 위치 변경,google_suggest,how_to,75,medium,low,2026-04-26,사용 방법을 찾는 검색어라 단계별 설명 글로 만들기 좋습니다.
word,ms word 설정 초기화,google_suggest,how_to,75,medium,low,2026-04-26,사용 방법을 찾는 검색어라 단계별 설명 글로 만들기 좋습니다.
word,word 문제,naver_suggest,problem_solving,75,medium,low,2026-04-26,문제 해결형 검색어라 방문 의도가 강합니다.
figma,html to figma 사용법,google_suggest,how_to,75,medium,low,2026-04-26,사용 방법을 찾는 검색어라 단계별 설명 글로 만들기 좋습니다.
figma,json to figma 사용법,google_suggest,how_to,75,medium,low,2026-04-26,사용 방법을 찾는 검색어라 단계별 설명 글로 만들기 좋습니다.
figma,talk To Figma 사용법,google_suggest,how_to,75,medium,low,2026-04-26,사용 방법을 찾는 검색어라 단계별 설명 글로 만들기 좋습니다.
unity,mcp for unity 사용법,google_suggest,how_to,75,medium,low,2026-04-26,사용 방법을 찾는 검색어라 단계별 설명 글로 만들기 좋습니다.
unity,스팀 unity 오류,google_suggest,problem_solving,75,medium,low,2026-04-26,문제 해결형 검색어라 방문 의도가 강합니다.
excel,엑셀 안전 모드 vs 정상 모드 성능 비교와 전환법,perplexity_questions,comparison,70,low,low,2026-04-26,비교 검색 의도가 있어 선택 기준을 설명하는 글로 적합합니다.
notion,obsidian notion 차이,google_suggest,comparison,70,low,low,2026-04-26,비교 검색 의도가 있어 선택 기준을 설명하는 글로 적합합니다.
notion,obsidian notion 비교,google_suggest,comparison,70,low,low,2026-04-26,비교 검색 의도가 있어 선택 기준을 설명하는 글로 적합합니다.
notion,노션 위젯과 임베드 삽입으로 대시보드 꾸미기,perplexity_questions,informational,70,low,low,2026-04-26,정보 탐색형 검색어라 기초 설명 글로 만들기 좋습니다.
notion,노션 무료 플랜 한계 극복하고 업그레이드 고려하기,perplexity_questions,informational,70,low,low,2026-04-26,정보 탐색형 검색어라 기초 설명 글로 만들기 좋습니다.
notion,노션 API 연동으로 외부 앱과 데이터 동기화,perplexity_questions,informational,70,low,low,2026-04-26,정보 탐색형 검색어라 기초 설명 글로 만들기 좋습니다.
word,vocabulary word 차이,google_suggest,comparison,70,low,low,2026-04-26,비교 검색 의도가 있어 선택 기준을 설명하는 글로 적합합니다.
word,워드 표 잘림 현상 1초 만에 고치는 법,perplexity_questions,informational,70,low,low,2026-04-26,정보 탐색형 검색어라 기초 설명 글로 만들기 좋습니다.
word,워드 찾기 바꾸기로 서식 일괄 수정하기,perplexity_questions,informational,70,low,low,2026-04-26,정보 탐색형 검색어라 기초 설명 글로 만들기 좋습니다.
unreal,언리얼 그리드 스냅 커스텀 단위 추가하기,perplexity_questions,informational,70,low,low,2026-04-26,정보 탐색형 검색어라 기초 설명 글로 만들기 좋습니다.
unreal,언리얼 오버랩 이벤트 대신 Sweep Trace 쓰는 이유,perplexity_questions,informational,70,low,low,2026-04-26,정보 탐색형 검색어라 기초 설명 글로 만들기 좋습니다.
unreal,언리얼 콘텐츠 브라우저 여러 어셋 속성 일괄 변경,perplexity_questions,informational,70,low,low,2026-04-26,정보 탐색형 검색어라 기초 설명 글로 만들기 좋습니다.
unreal,언리얼 머티리얼 노드 값 숫자로 확인하는 팁,perplexity_questions,informational,70,low,low,2026-04-26,정보 탐색형 검색어라 기초 설명 글로 만들기 좋습니다.
general_it,Docker 컨테이너가 시작 안 될 때 체크리스트,perplexity_questions,informational,70,low,low,2026-04-26,정보 탐색형 검색어라 기초 설명 글로 만들기 좋습니다.
general_it,SQL 쿼리 최적화로 느린 조회 속도 개선하기,perplexity_questions,informational,70,low,low,2026-04-26,정보 탐색형 검색어라 기초 설명 글로 만들기 좋습니다.
general_it,Linux 서버 로그 파일 크기 줄이는 명령어,perplexity_questions,informational,70,low,low,2026-04-26,정보 탐색형 검색어라 기초 설명 글로 만들기 좋습니다.
general_it,Kubernetes 파드 재시작 안 될 때 트러블슈팅,perplexity_questions,informational,70,low,low,2026-04-26,정보 탐색형 검색어라 기초 설명 글로 만들기 좋습니다.
general_it,Chrome 확장 프로그램 충돌 원인과 수정,perplexity_questions,informational,70,low,low,2026-04-26,정보 탐색형 검색어라 기초 설명 글로 만들기 좋습니다.
excel,IF와 IFS 함수로 다중 조건 판단하기,perplexity_questions,informational,70,low,low,2026-04-26,정보 탐색형 검색어라 기초 설명 글로 만들기 좋습니다.
excel,SEQUENCE 함수로 순번과 날짜 대량 생성,perplexity_questions,informational,70,low,low,2026-04-26,정보 탐색형 검색어라 기초 설명 글로 만들기 좋습니다.
excel,엑셀 필터 범위만 선택 복사하는 법,perplexity_questions,informational,70,low,low,2026-04-26,정보 탐색형 검색어라 기초 설명 글로 만들기 좋습니다.
notion,노션 슬래시 명령어로 빠른 페이지 제작 팁,perplexity_questions,informational,70,low,low,2026-04-26,정보 탐색형 검색어라 기초 설명 글로 만들기 좋습니다.
notion,노션 API 연동으로 외부 도구와 연결하는 법,perplexity_questions,informational,70,low,low,2026-04-26,정보 탐색형 검색어라 기초 설명 글로 만들기 좋습니다.
notion,노션 습관 트래커 템플릿 만들고 유지하는 실전 팁,perplexity_questions,informational,70,low,low,2026-04-26,정보 탐색형 검색어라 기초 설명 글로 만들기 좋습니다.
ppt,깔끔한 PPT 이슈와 개선 방향 템플릿 만드는 법,perplexity_questions,informational,70,low,low,2026-04-26,정보 탐색형 검색어라 기초 설명 글로 만들기 좋습니다.
word,엑셀 표를 워드로 붙여넣기 없이 깔끔하게 옮기는 법,perplexity_questions,informational,70,low,low,2026-04-26,정보 탐색형 검색어라 기초 설명 글로 만들기 좋습니다.
unreal,Overlap Event 대신 Trace와 Sweep를 써야 하는 이유,perplexity_questions,informational,70,low,low,2026-04-26,정보 탐색형 검색어라 기초 설명 글로 만들기 좋습니다.
unreal,실시간 렌더링으로 VFX와 방송 세트 미리 확인하기,perplexity_questions,informational,70,low,low,2026-04-26,정보 탐색형 검색어라 기초 설명 글로 만들기 좋습니다.
unreal,디지털 트윈과 IoT 센서 연동하는 언리얼 시뮬레이션,perplexity_questions,informational,70,low,low,2026-04-26,정보 탐색형 검색어라 기초 설명 글로 만들기 좋습니다.
general_it,클라우드 스토리지 Google Drive vs Dropbox 비교,perplexity_questions,comparison,70,low,low,2026-04-26,비교 검색 의도가 있어 선택 기준을 설명하는 글로 적합합니다.
general_it,Zoom 미팅에서 화면 공유 안 될 때 대처법,perplexity_questions,informational,70,low,low,2026-04-26,정보 탐색형 검색어라 기초 설명 글로 만들기 좋습니다.
general_it,외장 하드 데이터 복구 무료 도구 추천,perplexity_questions,informational,70,low,low,2026-04-26,정보 탐색형 검색어라 기초 설명 글로 만들기 좋습니다.
general_it,Chrome 브라우저 느려질 때 속도 개선 7가지,perplexity_questions,informational,70,low,low,2026-04-26,정보 탐색형 검색어라 기초 설명 글로 만들기 좋습니다.
excel,IF와 IFS 함수로 복잡한 조건 처리하기,perplexity_questions,informational,70,low,low,2026-04-28,정보 탐색형 검색어라 기초 설명 글로 만들기 좋습니다.
excel,이미지 테이블을 엑셀 텍스트로 변환하기,perplexity_questions,informational,70,low,low,2026-04-28,정보 탐색형 검색어라 기초 설명 글로 만들기 좋습니다.
excel,필터 적용된 범위만 복사 붙여넣기,perplexity_questions,informational,70,low,low,2026-04-28,정보 탐색형 검색어라 기초 설명 글로 만들기 좋습니다.
excel,AVERAGE MAX MIN으로 통계 빠르게 계산,perplexity_questions,informational,70,low,low,2026-04-28,정보 탐색형 검색어라 기초 설명 글로 만들기 좋습니다.
excel,HLOOKUP과 VLOOKUP 비교 및 선택 팁,perplexity_questions,comparison,70,low,low,2026-04-28,비교 검색 의도가 있어 선택 기준을 설명하는 글로 적합합니다.
ppt,PPT 파일 크기 줄이는 5가지 실전 팁,perplexity_questions,informational,70,low,low,2026-04-28,정보 탐색형 검색어라 기초 설명 글로 만들기 좋습니다.
word,워드 찾기 바꾸기로 서식 일괄 정렬하기,perplexity_questions,informational,70,low,low,2026-04-28,정보 탐색형 검색어라 기초 설명 글로 만들기 좋습니다.
word,워드 제한된 보기 해제하고 파일 열기,perplexity_questions,informational,70,low,low,2026-04-28,정보 탐색형 검색어라 기초 설명 글로 만들기 좋습니다.
word,워드 손상 문서 워드패드로 복구하기,perplexity_questions,informational,70,low,low,2026-04-28,정보 탐색형 검색어라 기초 설명 글로 만들기 좋습니다.
word,워드 파일 복구 후 열기 및 업데이트 팁,perplexity_questions,informational,70,low,low,2026-04-28,정보 탐색형 검색어라 기초 설명 글로 만들기 좋습니다.
excel,논문 정리 excel,google_suggest,practical,70,medium,low,2026-04-26,실무 활용 의도가 강해 경험형 콘텐츠로 확장하기 좋습니다.
ppt,ppt 자동화,google_suggest,practical,70,medium,low,2026-04-26,실무 활용 의도가 강해 경험형 콘텐츠로 확장하기 좋습니다.
ppt,ppt 자동화 ai,google_suggest,practical,70,medium,low,2026-04-26,실무 활용 의도가 강해 경험형 콘텐츠로 확장하기 좋습니다.
ppt,ppt 자동화 툴,google_suggest,practical,70,medium,low,2026-04-26,실무 활용 의도가 강해 경험형 콘텐츠로 확장하기 좋습니다.
ppt,ppt 자동화 템플릿,google_suggest,practical,70,medium,low,2026-04-26,실무 활용 의도가 강해 경험형 콘텐츠로 확장하기 좋습니다.
ppt,ppt 보고서 자동화,google_suggest,practical,70,medium,low,2026-04-26,실무 활용 의도가 강해 경험형 콘텐츠로 확장하기 좋습니다.
ppt,ppt 제작 자동화,google_suggest,practical,70,medium,low,2026-04-26,실무 활용 의도가 강해 경험형 콘텐츠로 확장하기 좋습니다.
ppt,파이썬 ppt 자동화,google_suggest,practical,70,medium,low,2026-04-26,실무 활용 의도가 강해 경험형 콘텐츠로 확장하기 좋습니다.
ppt,엑셀 ppt 자동화,google_suggest,practical,70,medium,low,2026-04-26,실무 활용 의도가 강해 경험형 콘텐츠로 확장하기 좋습니다.
ppt,ppt 정리 ai,google_suggest,practical,70,medium,low,2026-04-26,실무 활용 의도가 강해 경험형 콘텐츠로 확장하기 좋습니다.
ppt,ppt 정리,google_suggest,practical,70,medium,low,2026-04-26,실무 활용 의도가 강해 경험형 콘텐츠로 확장하기 좋습니다.
ppt,ppt 정리 프롬프트,google_suggest,practical,70,medium,low,2026-04-26,실무 활용 의도가 강해 경험형 콘텐츠로 확장하기 좋습니다.
ppt,ppt 정리 사이트,google_suggest,practical,70,medium,low,2026-04-26,실무 활용 의도가 강해 경험형 콘텐츠로 확장하기 좋습니다.
ppt,ppt 정리 템플릿,google_suggest,practical,70,medium,low,2026-04-26,실무 활용 의도가 강해 경험형 콘텐츠로 확장하기 좋습니다.
ppt,ppt 정리하는법,google_suggest,practical,70,medium,low,2026-04-26,실무 활용 의도가 강해 경험형 콘텐츠로 확장하기 좋습니다.
ppt,ppt 실무,google_suggest,practical,70,medium,low,2026-04-26,실무 활용 의도가 강해 경험형 콘텐츠로 확장하기 좋습니다.
ppt,ppt 실무 강의,google_suggest,practical,70,medium,low,2026-04-26,실무 활용 의도가 강해 경험형 콘텐츠로 확장하기 좋습니다.
ppt,무역 실무 ppt,google_suggest,practical,70,medium,low,2026-04-26,실무 활용 의도가 강해 경험형 콘텐츠로 확장하기 좋습니다.
ppt,실무면접 ppt,google_suggest,practical,70,medium,low,2026-04-26,실무 활용 의도가 강해 경험형 콘텐츠로 확장하기 좋습니다.
ppt,ppt 활용,google_suggest,practical,70,medium,low,2026-04-26,실무 활용 의도가 강해 경험형 콘텐츠로 확장하기 좋습니다.
ppt,ppt 활용 능력,google_suggest,practical,70,medium,low,2026-04-26,실무 활용 의도가 강해 경험형 콘텐츠로 확장하기 좋습니다.
ppt,ppt 활용 아이콘,google_suggest,practical,70,medium,low,2026-04-26,실무 활용 의도가 강해 경험형 콘텐츠로 확장하기 좋습니다.
ppt,ppt 활용 이미지,google_suggest,practical,70,medium,low,2026-04-26,실무 활용 의도가 강해 경험형 콘텐츠로 확장하기 좋습니다.
ppt,ppt 활용 ai,google_suggest,practical,70,medium,low,2026-04-26,실무 활용 의도가 강해 경험형 콘텐츠로 확장하기 좋습니다.
ppt,감마 ppt 활용법,google_suggest,practical,70,medium,low,2026-04-26,실무 활용 의도가 강해 경험형 콘텐츠로 확장하기 좋습니다.
ppt,활용방안 ppt,google_suggest,practical,70,medium,low,2026-04-26,실무 활용 의도가 강해 경험형 콘텐츠로 확장하기 좋습니다.
word,word 자동화,google_suggest,practical,70,medium,low,2026-04-26,실무 활용 의도가 강해 경험형 콘텐츠로 확장하기 좋습니다.
word,word정리,google_suggest,practical,70,medium,low,2026-04-26,실무 활용 의도가 강해 경험형 콘텐츠로 확장하기 좋습니다.
word,word 실무,naver_suggest,practical,70,medium,low,2026-04-26,실무 활용 의도가 강해 경험형 콘텐츠로 확장하기 좋습니다.
word,word 활용,naver_suggest,practical,70,medium,low,2026-04-26,실무 활용 의도가 강해 경험형 콘텐츠로 확장하기 좋습니다.
ppt,ppt 방법,google_suggest,how_to,65,medium,low,2026-04-26,사용 방법을 찾는 검색어라 단계별 설명 글로 만들기 좋습니다.
ppt,ppt 만드는 방법,google_suggest,how_to,65,medium,low,2026-04-26,사용 방법을 찾는 검색어라 단계별 설명 글로 만들기 좋습니다.
ppt,ppt 다운로드 방법,google_suggest,how_to,65,medium,low,2026-04-26,사용 방법을 찾는 검색어라 단계별 설명 글로 만들기 좋습니다.
ppt,ppt 사용법,google_suggest,how_to,65,medium,low,2026-04-26,사용 방법을 찾는 검색어라 단계별 설명 글로 만들기 좋습니다.
ppt,감마 ppt 사용법,google_suggest,how_to,65,medium,low,2026-04-26,사용 방법을 찾는 검색어라 단계별 설명 글로 만들기 좋습니다.
ppt,ppt 기본 글꼴,google_suggest,how_to,65,medium,low,2026-04-26,사용 방법을 찾는 검색어라 단계별 설명 글로 만들기 좋습니다.
ppt,ppt 기본 사이즈,google_suggest,how_to,65,medium,low,2026-04-26,사용 방법을 찾는 검색어라 단계별 설명 글로 만들기 좋습니다.
ppt,ppt 기본 템플릿,google_suggest,how_to,65,medium,low,2026-04-26,사용 방법을 찾는 검색어라 단계별 설명 글로 만들기 좋습니다.
ppt,ppt 기본,naver_suggest,how_to,65,medium,low,2026-04-26,사용 방법을 찾는 검색어라 단계별 설명 글로 만들기 좋습니다.
ppt,초보운전 ppt,google_suggest,informational,65,medium,low,2026-04-26,정보 탐색형 검색어라 기초 설명 글로 만들기 좋습니다.
ppt,ppt 설정,google_suggest,how_to,65,medium,low,2026-04-26,사용 방법을 찾는 검색어라 단계별 설명 글로 만들기 좋습니다.
ppt,ppt 설정 초기화,google_suggest,how_to,65,medium,low,2026-04-26,사용 방법을 찾는 검색어라 단계별 설명 글로 만들기 좋습니다.
ppt,ppt 설정 복사,google_suggest,how_to,65,medium,low,2026-04-26,사용 방법을 찾는 검색어라 단계별 설명 글로 만들기 좋습니다.
ppt,ppt 설정 저장,google_suggest,how_to,65,medium,low,2026-04-26,사용 방법을 찾는 검색어라 단계별 설명 글로 만들기 좋습니다.
ppt,amd ppt 설정,google_suggest,how_to,65,medium,low,2026-04-26,사용 방법을 찾는 검색어라 단계별 설명 글로 만들기 좋습니다.
ppt,라이젠 ppt 설정,google_suggest,how_to,65,medium,low,2026-04-26,사용 방법을 찾는 검색어라 단계별 설명 글로 만들기 좋습니다.
ppt,바이오스 ppt 설정,google_suggest,how_to,65,medium,low,2026-04-26,사용 방법을 찾는 검색어라 단계별 설명 글로 만들기 좋습니다.
word,word 저장 방법,google_suggest,how_to,65,medium,low,2026-04-26,사용 방법을 찾는 검색어라 단계별 설명 글로 만들기 좋습니다.
word,word 사용 방법,google_suggest,how_to,65,medium,low,2026-04-26,사용 방법을 찾는 검색어라 단계별 설명 글로 만들기 좋습니다.
word,word 설치 방법,google_suggest,how_to,65,medium,low,2026-04-26,사용 방법을 찾는 검색어라 단계별 설명 글로 만들기 좋습니다.
word,word 방법,naver_suggest,how_to,65,medium,low,2026-04-26,사용 방법을 찾는 검색어라 단계별 설명 글로 만들기 좋습니다.
word,word 사용법,google_suggest,how_to,65,medium,low,2026-04-26,사용 방법을 찾는 검색어라 단계별 설명 글로 만들기 좋습니다.
word,word 목차 사용법,google_suggest,how_to,65,medium,low,2026-04-26,사용 방법을 찾는 검색어라 단계별 설명 글로 만들기 좋습니다.
word,word 무료 사용법,google_suggest,how_to,65,medium,low,2026-04-26,사용 방법을 찾는 검색어라 단계별 설명 글로 만들기 좋습니다.
word,ms word 사용법,google_suggest,how_to,65,medium,low,2026-04-26,사용 방법을 찾는 검색어라 단계별 설명 글로 만들기 좋습니다.
word,word 기본글꼴,google_suggest,how_to,65,medium,low,2026-04-26,사용 방법을 찾는 검색어라 단계별 설명 글로 만들기 좋습니다.
word,word 기본,naver_suggest,how_to,65,medium,low,2026-04-26,사용 방법을 찾는 검색어라 단계별 설명 글로 만들기 좋습니다.
word,word 초보,naver_suggest,informational,65,medium,low,2026-04-26,정보 탐색형 검색어라 기초 설명 글로 만들기 좋습니다.
word,word 설정 초기화,google_suggest,how_to,65,medium,low,2026-04-26,사용 방법을 찾는 검색어라 단계별 설명 글로 만들기 좋습니다.
word,word 설정,google_suggest,how_to,65,medium,low,2026-04-26,사용 방법을 찾는 검색어라 단계별 설명 글로 만들기 좋습니다.
word,word 줄간격 설정,google_suggest,how_to,65,medium,low,2026-04-26,사용 방법을 찾는 검색어라 단계별 설명 글로 만들기 좋습니다.
word,word 여백 설정,google_suggest,how_to,65,medium,low,2026-04-26,사용 방법을 찾는 검색어라 단계별 설명 글로 만들기 좋습니다.
word,word 단축키 설정,google_suggest,how_to,65,medium,low,2026-04-26,사용 방법을 찾는 검색어라 단계별 설명 글로 만들기 좋습니다.
word,word 단축기 설정,google_suggest,how_to,65,medium,low,2026-04-26,사용 방법을 찾는 검색어라 단계별 설명 글로 만들기 좋습니다.
word,word 페이지 설정,google_suggest,how_to,65,medium,low,2026-04-26,사용 방법을 찾는 검색어라 단계별 설명 글로 만들기 좋습니다.
word,word 목차 설정,google_suggest,how_to,65,medium,low,2026-04-26,사용 방법을 찾는 검색어라 단계별 설명 글로 만들기 좋습니다.
excel,csv excel 차이,google_suggest,comparison,60,medium,low,2026-04-26,비교 검색 의도가 있어 선택 기준을 설명하는 글로 적합합니다.
excel,csv 와 excel 차이,google_suggest,comparison,60,medium,low,2026-04-26,비교 검색 의도가 있어 선택 기준을 설명하는 글로 적합합니다.
excel,access excel 차이,google_suggest,comparison,60,medium,low,2026-04-26,비교 검색 의도가 있어 선택 기준을 설명하는 글로 적합합니다.
notion,slack notion 차이,google_suggest,comparison,60,medium,low,2026-04-26,비교 검색 의도가 있어 선택 기준을 설명하는 글로 적합합니다.
notion,jira notion 비교,google_suggest,comparison,60,medium,low,2026-04-26,비교 검색 의도가 있어 선택 기준을 설명하는 글로 적합합니다.
notion,slack notion 비교,google_suggest,comparison,60,medium,low,2026-04-26,비교 검색 의도가 있어 선택 기준을 설명하는 글로 적합합니다.
notion,craft notion 비교,google_suggest,comparison,60,medium,low,2026-04-26,비교 검색 의도가 있어 선택 기준을 설명하는 글로 적합합니다.
ppt,카드 뉴스 ppt 차이,google_suggest,comparison,60,medium,low,2026-04-26,비교 검색 의도가 있어 선택 기준을 설명하는 글로 적합합니다.
ppt,ppt 비교표 만드는법,naver_suggest,comparison,60,medium,low,2026-04-26,비교 검색 의도가 있어 선택 기준을 설명하는 글로 적합합니다.
word,docx word 차이,google_suggest,comparison,60,medium,low,2026-04-26,비교 검색 의도가 있어 선택 기준을 설명하는 글로 적합합니다.
word,docs word 차이,google_suggest,comparison,60,medium,low,2026-04-26,비교 검색 의도가 있어 선택 기준을 설명하는 글로 적합합니다.
word,character word 차이,google_suggest,comparison,60,medium,low,2026-04-26,비교 검색 의도가 있어 선택 기준을 설명하는 글로 적합합니다.
word,dword word 차이,google_suggest,comparison,60,medium,low,2026-04-26,비교 검색 의도가 있어 선택 기준을 설명하는 글로 적합합니다.
word,word wording 차이,google_suggest,comparison,60,medium,low,2026-04-26,비교 검색 의도가 있어 선택 기준을 설명하는 글로 적합합니다.
word,word 문서 비교 기능,google_suggest,comparison,60,medium,low,2026-04-26,비교 검색 의도가 있어 선택 기준을 설명하는 글로 적합합니다.
word,word 두 문서 비교,google_suggest,comparison,60,medium,low,2026-04-26,비교 검색 의도가 있어 선택 기준을 설명하는 글로 적합합니다.
figma,figjam figma 차이,google_suggest,comparison,60,medium,low,2026-04-26,비교 검색 의도가 있어 선택 기준을 설명하는 글로 적합합니다.
unity,godot unity 비교,google_suggest,comparison,60,medium,low,2026-04-26,비교 검색 의도가 있어 선택 기준을 설명하는 글로 적합합니다.
ppt,ppt 차이점,google_suggest,comparison,50,medium,low,2026-04-26,비교 검색 의도가 있어 선택 기준을 설명하는 글로 적합합니다.
ppt,pptx ppt 차이,google_suggest,comparison,50,medium,low,2026-04-26,비교 검색 의도가 있어 선택 기준을 설명하는 글로 적합합니다.
ppt,한쇼 ppt 차이,google_suggest,comparison,50,medium,low,2026-04-26,비교 검색 의도가 있어 선택 기준을 설명하는 글로 적합합니다.
ppt,lpp ppt 차이,google_suggest,comparison,50,medium,low,2026-04-26,비교 검색 의도가 있어 선택 기준을 설명하는 글로 적합합니다.
ppt,pdf ppt 차이,google_suggest,comparison,50,medium,low,2026-04-26,비교 검색 의도가 있어 선택 기준을 설명하는 글로 적합합니다.
ppt,tdp ppt 차이,google_suggest,comparison,50,medium,low,2026-04-26,비교 검색 의도가 있어 선택 기준을 설명하는 글로 적합합니다.
ppt,pt ppt 차이,google_suggest,comparison,50,medium,low,2026-04-26,비교 검색 의도가 있어 선택 기준을 설명하는 글로 적합합니다.
ppt,pt 와 ppt 차이,google_suggest,comparison,50,medium,low,2026-04-26,비교 검색 의도가 있어 선택 기준을 설명하는 글로 적합합니다.
ppt,키 노트 ppt 차이,google_suggest,comparison,50,medium,low,2026-04-26,비교 검색 의도가 있어 선택 기준을 설명하는 글로 적합합니다.
ppt,ppt 차이,naver_suggest,comparison,50,medium,low,2026-04-26,비교 검색 의도가 있어 선택 기준을 설명하는 글로 적합합니다.
ppt,ppt 비교 템플릿,google_suggest,comparison,50,medium,low,2026-04-26,비교 검색 의도가 있어 선택 기준을 설명하는 글로 적합합니다.
ppt,ppt 비교,google_suggest,comparison,50,medium,low,2026-04-26,비교 검색 의도가 있어 선택 기준을 설명하는 글로 적합합니다.
ppt,ppt 비교 디자인,google_suggest,comparison,50,medium,low,2026-04-26,비교 검색 의도가 있어 선택 기준을 설명하는 글로 적합합니다.
ppt,ppt 비교표,google_suggest,comparison,50,medium,low,2026-04-26,비교 검색 의도가 있어 선택 기준을 설명하는 글로 적합합니다.
ppt,ppt 비교 기능,google_suggest,comparison,50,medium,low,2026-04-26,비교 검색 의도가 있어 선택 기준을 설명하는 글로 적합합니다.
ppt,ppt 비교 장표,google_suggest,comparison,50,medium,low,2026-04-26,비교 검색 의도가 있어 선택 기준을 설명하는 글로 적합합니다.
ppt,ppt 비교표 템플릿,google_suggest,comparison,50,medium,low,2026-04-26,비교 검색 의도가 있어 선택 기준을 설명하는 글로 적합합니다.
ppt,ppt 비교 레이아웃,google_suggest,comparison,50,medium,low,2026-04-26,비교 검색 의도가 있어 선택 기준을 설명하는 글로 적합합니다.
ppt,ppt 비교 양식,google_suggest,comparison,50,medium,low,2026-04-26,비교 검색 의도가 있어 선택 기준을 설명하는 글로 적합합니다.
ppt,ppt 비교 그래프,google_suggest,comparison,50,medium,low,2026-04-26,비교 검색 의도가 있어 선택 기준을 설명하는 글로 적합합니다.
word,int word 차이,google_suggest,comparison,50,medium,low,2026-04-26,비교 검색 의도가 있어 선택 기준을 설명하는 글로 적합합니다.
word,hwp word 차이,google_suggest,comparison,50,medium,low,2026-04-26,비교 검색 의도가 있어 선택 기준을 설명하는 글로 적합합니다.
word,pdf word 차이,google_suggest,comparison,50,medium,low,2026-04-26,비교 검색 의도가 있어 선택 기준을 설명하는 글로 적합합니다.
word,word 차이,naver_suggest,comparison,50,medium,low,2026-04-26,비교 검색 의도가 있어 선택 기준을 설명하는 글로 적합합니다.
word,word 비교 기능,google_suggest,comparison,50,medium,low,2026-04-26,비교 검색 의도가 있어 선택 기준을 설명하는 글로 적합합니다.
word,word 비교,google_suggest,comparison,50,medium,low,2026-04-26,비교 검색 의도가 있어 선택 기준을 설명하는 글로 적합합니다.
word,word 문서 비교,google_suggest,comparison,50,medium,low,2026-04-26,비교 검색 의도가 있어 선택 기준을 설명하는 글로 적합합니다.
word,word 파일 비교,google_suggest,comparison,50,medium,low,2026-04-26,비교 검색 의도가 있어 선택 기준을 설명하는 글로 적합합니다.
word,word 내용 비교,google_suggest,comparison,50,medium,low,2026-04-26,비교 검색 의도가 있어 선택 기준을 설명하는 글로 적합합니다.
