category,keyword,source,search_intent,trend_score,difficulty,duplicate_risk,created_at,reason,final_score,title,selected_at,topic_type,topic_type_label
excel,엑셀 업데이트 후 발생하는 오류 대처와 롤백 방법,perplexity_questions,problem_solving,100,low,low,2026-04-26,문제 해결형 검색어라 방문 의도가 강합니다.,100,엑셀 업데이트 후 발생하는 오류 대처와 롤백 방법 원인과 해결 방법,2026-05-12 15:55:45,,
ppt,문제점과 해결방안 슬라이드 만드는 실무 템플릿 10종,perplexity_questions,problem_solving,100,low,low,2026-04-26,문제 해결형 검색어라 방문 의도가 강합니다.,100,문제점과 해결방안 슬라이드 만드는 실무 템플릿 10종 원인과 해결 방법,2026-05-12 15:55:45,,
ppt,트러스트 센터 설정으로 PPT 파일 위치 오류 해결,perplexity_questions,problem_solving,100,low,low,2026-04-26,문제 해결형 검색어라 방문 의도가 강합니다.,100,트러스트 센터 설정으로 PPT 파일 위치 오류 해결 원인과 해결 방법,2026-05-12 15:55:45,,
ppt,SWOT 분석 포함 문제 해결 PPT 실무 예시,perplexity_questions,problem_solving,100,low,low,2026-04-26,문제 해결형 검색어라 방문 의도가 강합니다.,100,SWOT 분석 포함 문제 해결 PPT 실무 예시 원인과 해결 방법,2026-05-12 15:55:45,,
general_it,Git 브랜치 충돌 발생 시 실무 해결 팁,perplexity_questions,problem_solving,100,low,low,2026-04-26,문제 해결형 검색어라 방문 의도가 강합니다.,100,Git 브랜치 충돌 발생 시 실무 해결 팁 원인과 해결 방법,2026-05-12 15:55:45,,
excel,엑셀 VLOOKUP 함수 실무 사용법과 오류 해결,perplexity_questions,problem_solving,100,low,low,2026-04-26,문제 해결형 검색어라 방문 의도가 강합니다.,100,엑셀 VLOOKUP 함수 실무 사용법과 오류 해결 원인과 해결 방법,2026-05-12 15:55:45,,
ppt,로직 트리 활용한 PPT 문제 해결 기법,perplexity_questions,problem_solving,100,low,low,2026-04-26,문제 해결형 검색어라 방문 의도가 강합니다.,100,로직 트리 활용한 PPT 문제 해결 기법 원인과 해결 방법,2026-05-12 15:55:45,,
ppt,비즈니스 보고서 PPT 문제 인식부터 해결까지 구조,perplexity_questions,problem_solving,100,low,low,2026-04-26,문제 해결형 검색어라 방문 의도가 강합니다.,100,비즈니스 보고서 PPT 문제 인식부터 해결까지 구조 원인과 해결 방법,2026-05-12 15:55:45,,
ppt,3M 모델로 PPT 문제 원인 분석하는 사용법,perplexity_questions,problem_solving,100,low,low,2026-04-26,문제 해결형 검색어라 방문 의도가 강합니다.,100,3M 모델로 PPT 문제 원인 분석하는 사용법 사용할 때 알아야 할 것,2026-05-12 15:55:45,,
ppt,실무에서 자주 쓰는 문제 해결 슬라이드 템플릿 커스터마이징,perplexity_questions,problem_solving,100,low,low,2026-04-26,문제 해결형 검색어라 방문 의도가 강합니다.,100,실무에서 자주 쓰는 문제 해결 슬라이드 템플릿 커스터마이징 원인과 해결 방법,2026-05-12 15:55:45,,
ppt,PPT 트러스트 센터 설정으로 보안 오류 해결하기,perplexity_questions,problem_solving,100,low,low,2026-04-26,문제 해결형 검색어라 방문 의도가 강합니다.,100,PPT 트러스트 센터 설정으로 보안 오류 해결하기 원인과 해결 방법,2026-05-12 15:55:45,,
word,워드 Copilot으로 여러 문서 정보 합성하는 실무 방법,perplexity_questions,how_to,100,low,low,2026-04-26,사용 방법을 찾는 검색어라 단계별 설명 글로 만들기 좋습니다.,100,워드 Copilot으로 여러 문서 정보 합성하는 실무 방법 사용할 때 알아야 할 것,2026-05-12 15:55:45,,
general_it,VPN 초보자 가입부터 설정까지 단계별 사용법,perplexity_questions,how_to,100,low,low,2026-04-26,사용 방법을 찾는 검색어라 단계별 설명 글로 만들기 좋습니다.,100,VPN 초보자 가입부터 설정까지 단계별 사용법 처음 시작하는 방법,2026-05-12 15:56:45,,
excel,셀 병합 문제 해결하고 보고서 만들기,perplexity_questions,problem_solving,100,low,low,2026-04-28,문제 해결형 검색어라 방문 의도가 강합니다.,100,셀 병합 문제 해결하고 보고서 만들기 원인과 해결 방법,2026-05-12 15:56:45,,
ppt,초보자용 PowerPoint 단축키 10가지 실무 활용법,perplexity_questions,practical,100,low,low,2026-04-28,실무 활용 의도가 강해 경험형 콘텐츠로 확장하기 좋습니다.,100,초보자용 PowerPoint 단축키 10가지 실무 활용법 처음 시작하는 방법,2026-05-12 15:56:45,,
ppt,PPT 하이퍼링크 설정과 클릭 오류 수정 방법,perplexity_questions,problem_solving,100,low,low,2026-04-28,문제 해결형 검색어라 방문 의도가 강합니다.,100,PPT 하이퍼링크 설정과 클릭 오류 수정 방법 원인과 해결 방법,2026-05-12 15:56:45,,
unity,unity vscode 자동완성 안됨,google_suggest,problem_solving,100,low,low,2026-05-12,문제 해결형 검색어라 방문 의도가 강합니다.,100,unity vscode 자동완성 안됨 원인과 해결 방법,2026-05-12 15:56:45,,
general_it,윈도우 11 디스플레이 설정 오류,google_suggest,problem_solving,100,low,low,2026-05-12,문제 해결형 검색어라 방문 의도가 강합니다.,100,윈도우 11 디스플레이 설정 오류 원인과 해결 방법,2026-05-12 15:56:45,,
office365,워드 기본적 으로 컴퓨터에 저장 안됨,google_suggest,problem_solving,100,low,low,2026-05-12,문제 해결형 검색어라 방문 의도가 강합니다.,100,워드 기본적 으로 컴퓨터에 저장 안됨 원인과 해결 방법,2026-05-12 15:56:45,,
office365,워드 프로세서 컴퓨터 활용 능력 차이,google_suggest,comparison,100,low,low,2026-05-12,비교 검색 의도가 있어 선택 기준을 설명하는 글로 적합합니다.,100,워드 프로세서 컴퓨터 활용 능력 차이 어떻게 다른가,2026-05-12 15:56:45,,
office365,powerpoint 기본 글꼴 설정,google_suggest,how_to,100,low,low,2026-05-12,사용 방법을 찾는 검색어라 단계별 설명 글로 만들기 좋습니다.,100,powerpoint 기본 글꼴 설정 제대로 설정하는 방법,2026-05-12 15:56:45,,
unity,Unity 오류 사용법,naver_suggest,problem_solving,100,medium,low,2026-05-12,문제 해결형 검색어라 방문 의도가 강합니다.,100,Unity 오류 사용법 원인과 해결 방법,2026-05-12 15:56:45,,
unity,Unity 오류 자동화,naver_suggest,problem_solving,100,medium,low,2026-05-12,문제 해결형 검색어라 방문 의도가 강합니다.,100,Unity 오류 자동화 원인과 해결 방법,2026-05-12 15:56:45,,
general_it,윈도우 오류 로그 확인 방법,google_suggest,problem_solving,100,medium,low,2026-05-12,문제 해결형 검색어라 방문 의도가 강합니다.,100,윈도우 오류 로그 확인 방법 원인과 해결 방법,2026-05-12 15:56:45,,
general_it,윈도우 업데이트 오류 해결 방법,google_suggest,problem_solving,100,medium,low,2026-05-12,문제 해결형 검색어라 방문 의도가 강합니다.,100,윈도우 업데이트 오류 해결 방법 원인과 해결 방법,2026-05-12 15:59:20,,
general_it,윈도우 오류 확인 방법,google_suggest,problem_solving,100,medium,low,2026-05-12,문제 해결형 검색어라 방문 의도가 강합니다.,100,윈도우 오류 확인 방법 원인과 해결 방법,2026-05-12 15:59:20,,
general_it,윈도우 초기화 오류 해결 방법,google_suggest,problem_solving,100,medium,low,2026-05-12,문제 해결형 검색어라 방문 의도가 강합니다.,100,윈도우 초기화 오류 해결 방법 원인과 해결 방법,2026-05-12 15:59:20,,
general_it,윈도우 11 기본앱 오류,google_suggest,problem_solving,100,medium,low,2026-05-12,문제 해결형 검색어라 방문 의도가 강합니다.,100,윈도우 11 기본앱 오류 원인과 해결 방법,2026-05-12 15:59:20,,
general_it,윈도우 기본 사진 앱 오류,google_suggest,problem_solving,100,medium,low,2026-05-12,문제 해결형 검색어라 방문 의도가 강합니다.,100,윈도우 기본 사진 앱 오류 원인과 해결 방법,2026-05-12 15:59:20,,
general_it,윈도우 시간 설정 오류,google_suggest,problem_solving,100,medium,low,2026-05-12,문제 해결형 검색어라 방문 의도가 강합니다.,100,윈도우 시간 설정 오류 원인과 해결 방법,2026-05-12 15:59:20,,
general_it,윈도우 11 기본앱 설정 오류,google_suggest,problem_solving,100,medium,low,2026-05-12,문제 해결형 검색어라 방문 의도가 강합니다.,100,윈도우 11 기본앱 설정 오류 원인과 해결 방법,2026-05-12 15:59:20,,
general_it,윈도우 11 pin 설정 오류,google_suggest,problem_solving,100,medium,low,2026-05-12,문제 해결형 검색어라 방문 의도가 강합니다.,100,윈도우 11 pin 설정 오류 원인과 해결 방법,2026-05-12 15:59:20,,
general_it,윈도우 pin 설정 오류,google_suggest,problem_solving,100,medium,low,2026-05-12,문제 해결형 검색어라 방문 의도가 강합니다.,100,윈도우 pin 설정 오류 원인과 해결 방법,2026-05-12 15:59:20,,
general_it,윈도우 11 핀 설정 오류,google_suggest,problem_solving,100,medium,low,2026-05-12,문제 해결형 검색어라 방문 의도가 강합니다.,100,윈도우 11 핀 설정 오류 원인과 해결 방법,2026-05-12 15:59:20,,
general_it,윈도우 11 설정 오류,google_suggest,problem_solving,100,medium,low,2026-05-12,문제 해결형 검색어라 방문 의도가 강합니다.,100,윈도우 11 설정 오류 원인과 해결 방법,2026-05-12 15:59:20,,
general_it,윈도우 언어 설정 오류,google_suggest,problem_solving,100,medium,low,2026-05-12,문제 해결형 검색어라 방문 의도가 강합니다.,100,윈도우 언어 설정 오류 원인과 해결 방법,2026-05-12 15:59:20,,
general_it,Windows 오류 사용법,naver_suggest,problem_solving,100,medium,low,2026-05-12,문제 해결형 검색어라 방문 의도가 강합니다.,100,Windows 오류 사용법 원인과 해결 방법,2026-05-12 15:59:44,,
general_it,Windows 오류 방법,naver_suggest,problem_solving,100,medium,low,2026-05-12,문제 해결형 검색어라 방문 의도가 강합니다.,100,Windows 오류 방법 원인과 해결 방법,2026-05-12 15:59:44,,
general_it,Windows 오류 초보,naver_suggest,problem_solving,100,medium,low,2026-05-12,문제 해결형 검색어라 방문 의도가 강합니다.,100,Windows 오류 초보 원인과 해결 방법,2026-05-12 15:59:44,,
general_it,Windows 오류 자동화,naver_suggest,problem_solving,100,medium,low,2026-05-12,문제 해결형 검색어라 방문 의도가 강합니다.,100,Windows 오류 자동화 원인과 해결 방법,2026-05-12 15:59:44,,
general_it,Windows 오류 설정,naver_suggest,problem_solving,100,medium,low,2026-05-12,문제 해결형 검색어라 방문 의도가 강합니다.,100,Windows 오류 설정 원인과 해결 방법,2026-05-12 15:59:44,,
general_it,Windows 오류 실무,naver_suggest,problem_solving,100,medium,low,2026-05-12,문제 해결형 검색어라 방문 의도가 강합니다.,100,Windows 오류 실무 원인과 해결 방법,2026-05-12 15:59:44,,
general_it,Windows 오류 활용,naver_suggest,problem_solving,100,medium,low,2026-05-12,문제 해결형 검색어라 방문 의도가 강합니다.,100,Windows 오류 활용 원인과 해결 방법,2026-05-12 15:59:44,,
general_it,컴퓨터 오류 해결 방법,naver_suggest,problem_solving,100,medium,low,2026-05-12,문제 해결형 검색어라 방문 의도가 강합니다.,100,컴퓨터 오류 해결 방법 원인과 해결 방법,2026-05-12 15:59:44,,
general_it,Windows 오류 기본,naver_suggest,problem_solving,100,medium,low,2026-05-12,문제 해결형 검색어라 방문 의도가 강합니다.,100,Windows 오류 기본 원인과 해결 방법,2026-05-12 15:59:44,,
general_it,Windows 오류 정리,naver_suggest,problem_solving,100,medium,low,2026-05-12,문제 해결형 검색어라 방문 의도가 강합니다.,100,Windows 오류 정리 원인과 해결 방법,2026-05-12 15:59:44,,
general_it,컴퓨터 시간 설정 오류,google_suggest,problem_solving,100,medium,low,2026-05-12,문제 해결형 검색어라 방문 의도가 강합니다.,100,컴퓨터 시간 설정 오류 원인과 해결 방법,2026-05-12 15:59:44,,
general_it,인터넷 연결 오류 방법,naver_suggest,problem_solving,100,medium,low,2026-05-12,문제 해결형 검색어라 방문 의도가 강합니다.,100,인터넷 연결 오류 방법 원인과 해결 방법,2026-05-12 15:59:44,,
general_it,인터넷 연결 오류 사용법,naver_suggest,problem_solving,100,medium,low,2026-05-12,문제 해결형 검색어라 방문 의도가 강합니다.,100,인터넷 연결 오류 사용법 원인과 해결 방법,2026-05-12 16:06:54,,
general_it,인터넷 연결 오류 초보,naver_suggest,problem_solving,100,medium,low,2026-05-12,문제 해결형 검색어라 방문 의도가 강합니다.,100,인터넷 연결 오류 초보 원인과 해결 방법,2026-05-12 16:06:54,,
general_it,인터넷 연결 오류 설정,naver_suggest,problem_solving,100,medium,low,2026-05-12,문제 해결형 검색어라 방문 의도가 강합니다.,100,인터넷 연결 오류 설정 원인과 해결 방법,2026-05-12 16:06:54,,
general_it,인터넷 연결 오류 활용,naver_suggest,problem_solving,100,medium,low,2026-05-12,문제 해결형 검색어라 방문 의도가 강합니다.,100,인터넷 연결 오류 활용 원인과 해결 방법,2026-05-12 16:06:54,,
general_it,인터넷 연결 오류 자동화,naver_suggest,problem_solving,100,medium,low,2026-05-12,문제 해결형 검색어라 방문 의도가 강합니다.,100,인터넷 연결 오류 자동화 원인과 해결 방법,2026-05-12 16:06:54,,
general_it,인터넷 연결 오류 정리,naver_suggest,problem_solving,100,medium,low,2026-05-12,문제 해결형 검색어라 방문 의도가 강합니다.,100,인터넷 연결 오류 정리 원인과 해결 방법,2026-05-12 16:06:54,,
general_it,인터넷 연결 오류 실무,naver_suggest,problem_solving,100,medium,low,2026-05-12,문제 해결형 검색어라 방문 의도가 강합니다.,100,인터넷 연결 오류 실무 원인과 해결 방법,2026-05-12 16:06:54,,
general_it,인터넷 연결 오류 기본,naver_suggest,problem_solving,100,medium,low,2026-05-12,문제 해결형 검색어라 방문 의도가 강합니다.,100,인터넷 연결 오류 기본 원인과 해결 방법,2026-05-12 16:06:54,,
office365,엑셀 오류 없애는 방법,naver_suggest,problem_solving,100,medium,low,2026-05-12,문제 해결형 검색어라 방문 의도가 강합니다.,100,엑셀 오류 없애는 방법 원인과 해결 방법,2026-05-12 16:06:54,,
office365,아웃룩 오류날 때 방법,naver_suggest,problem_solving,100,medium,low,2026-05-12,문제 해결형 검색어라 방문 의도가 강합니다.,100,아웃룩 오류날 때 방법 원인과 해결 방법,2026-05-12 16:06:54,,
office365,원드라이브 오류 해결방법,naver_suggest,problem_solving,100,medium,low,2026-05-12,문제 해결형 검색어라 방문 의도가 강합니다.,100,원드라이브 오류 해결방법 원인과 해결 방법,2026-05-12 16:06:54,,
office365,원드라이브 오류 복구 방법,naver_suggest,problem_solving,100,medium,low,2026-05-12,문제 해결형 검색어라 방문 의도가 강합니다.,100,원드라이브 오류 복구 방법 원인과 해결 방법,2026-05-12 16:06:54,,
office365,OneDrive 오류 해결방법,naver_suggest,problem_solving,100,medium,low,2026-05-12,문제 해결형 검색어라 방문 의도가 강합니다.,100,OneDrive 오류 해결방법 원인과 해결 방법,2026-05-12 16:07:24,,
office365,onedrive 설정 안 열림,google_suggest,problem_solving,100,medium,low,2026-05-12,문제 해결형 검색어라 방문 의도가 강합니다.,100,onedrive 설정 안 열림 제대로 설정하는 방법,2026-05-12 16:07:24,,
office365,one note 해결방법,naver_suggest,problem_solving,100,medium,low,2026-05-12,문제 해결형 검색어라 방문 의도가 강합니다.,100,one note 해결방법 원인과 해결 방법,2026-05-12 16:07:24,,
excel,엑셀 응답 없음 오류를 안전 모드로 해결하는 단계,perplexity_questions,problem_solving,95,low,low,2026-04-26,문제 해결형 검색어라 방문 의도가 강합니다.,95,엑셀 응답 없음 오류를 안전 모드로 해결하는 단계 원인과 해결 방법,2026-05-12 16:07:24,,
excel,엑셀 멈춤 현상 원인과 7가지 실전 해결 팁,perplexity_questions,problem_solving,95,low,low,2026-04-26,문제 해결형 검색어라 방문 의도가 강합니다.,95,엑셀 멈춤 현상 원인과 7가지 실전 해결 팁 원인과 해결 방법,2026-05-12 16:07:24,,
excel,엑셀 COM 애드인 비활성화로 충돌 오류 잡기,perplexity_questions,problem_solving,95,low,low,2026-04-26,문제 해결형 검색어라 방문 의도가 강합니다.,95,엑셀 COM 애드인 비활성화로 충돌 오류 잡기 원인과 해결 방법,2026-05-12 16:07:24,,
excel,엑셀 통합 문서 검사로 파일 오류 자동 진단,perplexity_questions,problem_solving,95,low,low,2026-04-26,문제 해결형 검색어라 방문 의도가 강합니다.,95,엑셀 통합 문서 검사로 파일 오류 자동 진단 원인과 해결 방법,2026-05-12 16:07:24,,
excel,엑셀 XLStart 폴더 파일로 인한 시작 오류 해결,perplexity_questions,problem_solving,95,low,low,2026-04-26,문제 해결형 검색어라 방문 의도가 강합니다.,95,엑셀 XLStart 폴더 파일로 인한 시작 오류 해결 원인과 해결 방법,2026-05-12 16:07:24,,
ppt,ppt 오류 153 동영상 플레이어 구성 오류,google_suggest,problem_solving,95,low,low,2026-04-26,문제 해결형 검색어라 방문 의도가 강합니다.,95,ppt 오류 153 동영상 플레이어 구성 오류 원인과 해결 방법,2026-05-12 16:07:24,,
ppt,PPT 동영상 삽입 실패 문제 4가지 쉬운 해결,perplexity_questions,problem_solving,95,low,low,2026-04-26,문제 해결형 검색어라 방문 의도가 강합니다.,95,PPT 동영상 삽입 실패 문제 4가지 쉬운 해결 원인과 해결 방법,2026-05-12 16:07:24,,
ppt,Logic Tree로 문제 분석 PPT 구조화하는 법,perplexity_questions,problem_solving,95,low,low,2026-04-26,문제 해결형 검색어라 방문 의도가 강합니다.,95,Logic Tree로 문제 분석 PPT 구조화하는 법 사용할 때 알아야 할 것,2026-05-12 16:07:24,,
ppt,3M Model 문제 해결 PPT 작성 가이드,perplexity_questions,problem_solving,95,low,low,2026-04-26,문제 해결형 검색어라 방문 의도가 강합니다.,95,3M Model 문제 해결 PPT 작성 가이드 원인과 해결 방법,2026-05-12 16:07:24,,
ppt,문제 해결 기법 PPT에서 MECE 원칙 적용하기,perplexity_questions,problem_solving,95,low,low,2026-04-26,문제 해결형 검색어라 방문 의도가 강합니다.,95,문제 해결 기법 PPT에서 MECE 원칙 적용하기 원인과 해결 방법,2026-05-12 16:08:21,,
ppt,문제 인식부터 실행 계획까지 PPT 7단계 구조,perplexity_questions,problem_solving,95,low,low,2026-04-26,문제 해결형 검색어라 방문 의도가 강합니다.,95,문제 인식부터 실행 계획까지 PPT 7단계 구조 사용할 때 알아야 할 것,2026-05-12 16:08:21,,
ppt,프레젠테이션 복구 시도 오류 PPT 고치는 단계별 가이드,perplexity_questions,problem_solving,95,low,low,2026-04-26,문제 해결형 검색어라 방문 의도가 강합니다.,95,프레젠테이션 복구 시도 오류 PPT 고치는 단계별 가이드 원인과 해결 방법,2026-05-12 16:08:21,,
word,word 오류 책갈피가 정의되어 있지 않습니다,google_suggest,problem_solving,95,low,low,2026-04-26,문제 해결형 검색어라 방문 의도가 강합니다.,95,word 오류 책갈피가 정의되어 있지 않습니다 원인과 해결 방법,2026-05-12 16:08:21,,
word,word 오류 참조 원본을 찾을 수 없습니다,google_suggest,problem_solving,95,low,low,2026-04-26,문제 해결형 검색어라 방문 의도가 강합니다.,95,word 오류 참조 원본을 찾을 수 없습니다 원인과 해결 방법,2026-05-12 16:08:21,,
word,word 에 오류 가 생겨 제대로 작동 할 수 없습니다,google_suggest,problem_solving,95,low,low,2026-04-26,문제 해결형 검색어라 방문 의도가 강합니다.,95,word 에 오류 가 생겨 제대로 작동 할 수 없습니다 원인과 해결 방법,2026-05-12 16:08:21,,
word,word pdf 오류 로 인해 내 보내지 못했습니다,google_suggest,problem_solving,95,low,low,2026-04-26,문제 해결형 검색어라 방문 의도가 강합니다.,95,word pdf 오류 로 인해 내 보내지 못했습니다 원인과 해결 방법,2026-05-12 16:08:21,,
word,word 에 문제 가 발생 했습니다,google_suggest,problem_solving,95,low,low,2026-04-26,문제 해결형 검색어라 방문 의도가 강합니다.,95,word 에 문제 가 발생 했습니다 사용할 때 알아야 할 것,2026-05-12 16:08:21,,
word,word 콘텐츠에 문제가 발견되어,google_suggest,problem_solving,95,low,low,2026-04-26,문제 해결형 검색어라 방문 의도가 강합니다.,95,word 콘텐츠에 문제가 발견되어 사용할 때 알아야 할 것,2026-05-12 16:08:21,,
word,word 죄송합니다 콘텐츠에 문제가 발견되어,google_suggest,problem_solving,95,low,low,2026-04-26,문제 해결형 검색어라 방문 의도가 강합니다.,95,word 죄송합니다 콘텐츠에 문제가 발견되어 사용할 때 알아야 할 것,2026-05-12 16:08:21,,
word,워드 서식 깨짐 문제 단계별 해결법,perplexity_questions,problem_solving,95,low,low,2026-04-26,문제 해결형 검색어라 방문 의도가 강합니다.,95,워드 서식 깨짐 문제 단계별 해결법 원인과 해결 방법,2026-05-12 16:08:21,,
word,워드 응답 없음 오류 빠른 해결 가이드,perplexity_questions,problem_solving,95,low,low,2026-04-26,문제 해결형 검색어라 방문 의도가 강합니다.,95,워드 응답 없음 오류 빠른 해결 가이드 원인과 해결 방법,2026-05-12 16:08:21,,
unity,unity player dll 오류,google_suggest,problem_solving,95,low,low,2026-05-12,문제 해결형 검색어라 방문 의도가 강합니다.,95,unity player dll 오류 원인과 해결 방법,2026-05-12 16:17:04,error_solution,오류 해결형
general_it,윈도우 7 0xc00000f 오류 해결,google_suggest,problem_solving,95,low,low,2026-05-12,문제 해결형 검색어라 방문 의도가 강합니다.,95,윈도우 7 0xc00000f 오류 해결 원인과 해결 방법,2026-05-12 16:17:04,error_solution,오류 해결형
general_it,windows 10 업데이트 오류 해결,google_suggest,problem_solving,95,low,low,2026-05-12,문제 해결형 검색어라 방문 의도가 강합니다.,95,windows 10 업데이트 오류 해결 원인과 해결 방법,2026-05-12 16:17:04,error_solution,오류 해결형
general_it,핸드폰 관리 하는 방법,google_suggest,how_to,95,medium,low,2026-05-12,사용 방법을 찾는 검색어라 단계별 설명 글로 만들기 좋습니다.,95,핸드폰 관리 하는 방법 기능과 사용 방법 쉽게 설명,2026-05-12 16:17:04,feature_explanation,기능 설명형
office365,엑셀 자동화 달력 만들기,google_suggest,how_to,95,medium,low,2026-05-12,사용 방법을 찾는 검색어라 단계별 설명 글로 만들기 좋습니다.,95,엑셀 자동화 달력 만들기 기능과 사용 방법 쉽게 설명,2026-05-12 16:17:04,feature_explanation,기능 설명형
office365,엑셀 자동화 만드는 방법,naver_suggest,how_to,95,medium,low,2026-05-12,사용 방법을 찾는 검색어라 단계별 설명 글로 만들기 좋습니다.,95,엑셀 자동화 만드는 방법 기능과 사용 방법 쉽게 설명,2026-05-12 16:17:04,feature_explanation,기능 설명형
unity,유니티 를 활용 한 rpg 게임 개발,google_suggest,practical,90,low,low,2026-05-12,실무 활용 의도가 강해 경험형 콘텐츠로 확장하기 좋습니다.,90,유니티 를 활용 한 rpg 게임 개발 실무에서 바로 쓰는 방법,2026-05-12 16:17:04,practical_usage,실무 활용형
unity,유니티 scriptableobject 활용,google_suggest,practical,90,low,low,2026-05-12,실무 활용 의도가 강해 경험형 콘텐츠로 확장하기 좋습니다.,90,유니티 scriptableobject 활용 실무에서 바로 쓰는 방법,2026-05-12 16:17:04,practical_usage,실무 활용형
unity,유니티 를 활용 한 메타 버스 교과서,google_suggest,practical,90,low,low,2026-05-12,실무 활용 의도가 강해 경험형 콘텐츠로 확장하기 좋습니다.,90,유니티 를 활용 한 메타 버스 교과서 실무에서 바로 쓰는 방법,2026-05-12 16:17:04,practical_usage,실무 활용형
office365,microsoft 365 기본 버전 64 비트 차이,google_suggest,comparison,95,low,low,2026-05-12,비교 검색 의도가 있어 선택 기준을 설명하는 글로 적합합니다.,95,microsoft 365 기본 버전 64 비트 차이 차이점과 선택 기준 정리,2026-05-12 16:17:04,comparison_analysis,비교/분석형
python,mac vscode python 설정,google_suggest,comparison,95,low,low,2026-05-12,비교 검색 의도가 있어 선택 기준을 설명하는 글로 적합합니다.,95,mac vscode python 설정 차이점과 선택 기준 정리,2026-05-12 16:17:04,comparison_analysis,비교/분석형
python,우분투 vscode python 설정,google_suggest,comparison,95,low,low,2026-05-12,비교 검색 의도가 있어 선택 기준을 설명하는 글로 적합합니다.,95,우분투 vscode python 설정 차이점과 선택 기준 정리,2026-05-12 16:17:04,comparison_analysis,비교/분석형
general_it,windows 업데이트 오류 해결,google_suggest,problem_solving,95,low,low,2026-05-12,문제 해결형 검색어라 방문 의도가 강합니다.,95,windows 업데이트 오류 해결 원인과 해결 방법,2026-05-12 16:18:13,error_solution,오류 해결형
general_it,windows 11 업데이트 오류 해결,google_suggest,problem_solving,95,low,low,2026-05-12,문제 해결형 검색어라 방문 의도가 강합니다.,95,windows 11 업데이트 오류 해결 원인과 해결 방법,2026-05-12 16:18:13,error_solution,오류 해결형
general_it,로블록스 인터넷 연결 오류 해결법,google_suggest,problem_solving,95,low,low,2026-05-12,문제 해결형 검색어라 방문 의도가 강합니다.,95,로블록스 인터넷 연결 오류 해결법 원인과 해결 방법,2026-05-12 16:18:13,error_solution,오류 해결형
office365,ai를 활용한 ppt 만들기,google_suggest,how_to,95,medium,low,2026-05-12,사용 방법을 찾는 검색어라 단계별 설명 글로 만들기 좋습니다.,95,ai를 활용한 ppt 만들기 기능과 사용 방법 쉽게 설명,2026-05-12 16:18:13,feature_explanation,기능 설명형
office365,outlook 정리 방법,google_suggest,how_to,95,medium,low,2026-05-12,사용 방법을 찾는 검색어라 단계별 설명 글로 만들기 좋습니다.,95,outlook 정리 방법 기능과 사용 방법 쉽게 설명,2026-05-12 16:18:13,feature_explanation,기능 설명형
office365,onenote 활용 방법,google_suggest,how_to,95,medium,low,2026-05-12,사용 방법을 찾는 검색어라 단계별 설명 글로 만들기 좋습니다.,95,onenote 활용 방법 기능과 사용 방법 쉽게 설명,2026-05-12 16:18:13,feature_explanation,기능 설명형
unity,생성형 인공지능을 활용한 유니티 게임 개발,google_suggest,practical,90,low,low,2026-05-12,실무 활용 의도가 강해 경험형 콘텐츠로 확장하기 좋습니다.,90,생성형 인공지능을 활용한 유니티 게임 개발 실무에서 바로 쓰는 방법,2026-05-12 16:18:13,practical_usage,실무 활용형
office365,microsoft 365 copilot 활용,google_suggest,practical,90,low,low,2026-05-12,실무 활용 의도가 강해 경험형 콘텐츠로 확장하기 좋습니다.,90,microsoft 365 copilot 활용 실무에서 바로 쓰는 방법,2026-05-12 16:18:13,practical_usage,실무 활용형
office365,excel 2019를 활용한 데이터 분석 pdf,google_suggest,practical,90,low,low,2026-05-12,실무 활용 의도가 강해 경험형 콘텐츠로 확장하기 좋습니다.,90,excel 2019를 활용한 데이터 분석 pdf 실무에서 바로 쓰는 방법,2026-05-12 16:18:13,practical_usage,실무 활용형
general_it,SSD 용량 부족 시 파일 정리 실무 도구 비교,perplexity_questions,comparison,90,low,low,2026-04-26,비교 검색 의도가 있어 선택 기준을 설명하는 글로 적합합니다.,90,SSD 용량 부족 시 파일 정리 실무 도구 비교 차이점과 선택 기준 정리,2026-05-12 16:18:13,comparison_analysis,비교/분석형
word,워드 실무에서 Copilot 정보 합성 vs 병합 기능 차이,perplexity_questions,comparison,90,low,low,2026-04-26,비교 검색 의도가 있어 선택 기준을 설명하는 글로 적합합니다.,90,워드 실무에서 Copilot 정보 합성 vs 병합 기능 차이 차이점과 선택 기준 정리,2026-05-12 16:18:13,comparison_analysis,비교/분석형
unity,vscode 유니티 설정,google_suggest,comparison,85,medium,low,2026-05-12,비교 검색 의도가 있어 선택 기준을 설명하는 글로 적합합니다.,85,vscode 유니티 설정 차이점과 선택 기준 정리,2026-05-12 16:18:13,comparison_analysis,비교/분석형
office365,microsoft 365 오류 코드 147 0,google_suggest,problem_solving,95,low,low,2026-05-12,문제 해결형 검색어라 방문 의도가 강합니다.,95,microsoft 365 오류 코드 147 0 원인과 해결 방법,2026-05-12 16:18:38,error_solution,오류 해결형
office365,microsoft 365 설치 오류,google_suggest,problem_solving,95,low,low,2026-05-12,문제 해결형 검색어라 방문 의도가 강합니다.,95,microsoft 365 설치 오류 원인과 해결 방법,2026-05-12 16:18:38,error_solution,오류 해결형
office365,microsoft 365 다운로드 오류,google_suggest,problem_solving,95,low,low,2026-05-12,문제 해결형 검색어라 방문 의도가 강합니다.,95,microsoft 365 다운로드 오류 원인과 해결 방법,2026-05-12 16:18:38,error_solution,오류 해결형
python,파이썬 자동화 프로그램 만들기,google_suggest,how_to,95,medium,low,2026-05-12,사용 방법을 찾는 검색어라 단계별 설명 글로 만들기 좋습니다.,95,파이썬 자동화 프로그램 만들기 기능과 사용 방법 쉽게 설명,2026-05-12 16:18:38,feature_explanation,기능 설명형
python,python 기본 문법 정리,google_suggest,how_to,95,medium,low,2026-05-12,사용 방법을 찾는 검색어라 단계별 설명 글로 만들기 좋습니다.,95,python 기본 문법 정리 기능과 사용 방법 쉽게 설명,2026-05-12 16:18:38,feature_explanation,기능 설명형
python,파이썬 기본 문법 정리,google_suggest,how_to,95,medium,low,2026-05-12,사용 방법을 찾는 검색어라 단계별 설명 글로 만들기 좋습니다.,95,파이썬 기본 문법 정리 기능과 사용 방법 쉽게 설명,2026-05-12 16:18:38,feature_explanation,기능 설명형
office365,excel 2019를 활용한 데이터분석,google_suggest,practical,90,low,low,2026-05-12,실무 활용 의도가 강해 경험형 콘텐츠로 확장하기 좋습니다.,90,excel 2019를 활용한 데이터분석 실무에서 바로 쓰는 방법,2026-05-12 16:18:38,practical_usage,실무 활용형
office365,excel 을 활용 한 데이터 리터러시,google_suggest,practical,90,low,low,2026-05-12,실무 활용 의도가 강해 경험형 콘텐츠로 확장하기 좋습니다.,90,excel 을 활용 한 데이터 리터러시 실무에서 바로 쓰는 방법,2026-05-12 16:18:38,practical_usage,실무 활용형
office365,Excel을 활용한 확률과 통계 pdf,google_suggest,practical,90,low,low,2026-05-12,실무 활용 의도가 강해 경험형 콘텐츠로 확장하기 좋습니다.,90,Excel을 활용한 확률과 통계 pdf 실무에서 바로 쓰는 방법,2026-05-12 16:18:38,practical_usage,실무 활용형
unity,vscode unity 설정,google_suggest,comparison,85,medium,low,2026-05-12,비교 검색 의도가 있어 선택 기준을 설명하는 글로 적합합니다.,85,vscode unity 설정 차이점과 선택 기준 정리,2026-05-12 16:18:38,comparison_analysis,비교/분석형
office365,엑셀 비교 그래프 만들기,google_suggest,comparison,85,medium,low,2026-05-12,비교 검색 의도가 있어 선택 기준을 설명하는 글로 적합합니다.,85,엑셀 비교 그래프 만들기 차이점과 선택 기준 정리,2026-05-12 16:18:38,comparison_analysis,비교/분석형
office365,엑셀 차이 구하는 방법,naver_suggest,comparison,85,medium,low,2026-05-12,비교 검색 의도가 있어 선택 기준을 설명하는 글로 적합합니다.,85,엑셀 차이 구하는 방법 차이점과 선택 기준 정리,2026-05-12 16:18:38,comparison_analysis,비교/분석형
office365,microsoft 365 업데이트 오류,google_suggest,problem_solving,95,low,low,2026-05-12,문제 해결형 검색어라 방문 의도가 강합니다.,95,microsoft 365 업데이트 오류 원인과 해결 방법,2026-05-12 16:21:43,error_solution,오류 해결형
office365,microsoft 365 copilot 오류,google_suggest,problem_solving,95,low,low,2026-05-12,문제 해결형 검색어라 방문 의도가 강합니다.,95,microsoft 365 copilot 오류 원인과 해결 방법,2026-05-12 16:21:43,error_solution,오류 해결형
office365,microsoft 365 로그인 오류,google_suggest,problem_solving,95,low,low,2026-05-12,문제 해결형 검색어라 방문 의도가 강합니다.,95,microsoft 365 로그인 오류 원인과 해결 방법,2026-05-12 16:21:43,error_solution,오류 해결형
notion,notion 활용 방법,google_suggest,how_to,95,medium,low,2026-05-12,사용 방법을 찾는 검색어라 단계별 설명 글로 만들기 좋습니다.,95,notion 활용 방법 기능과 사용 방법 쉽게 설명,2026-05-12 16:21:43,feature_explanation,기능 설명형
notion,notion 정리 방법,google_suggest,how_to,95,medium,low,2026-05-12,사용 방법을 찾는 검색어라 단계별 설명 글로 만들기 좋습니다.,95,notion 정리 방법 기능과 사용 방법 쉽게 설명,2026-05-12 16:21:43,feature_explanation,기능 설명형
notion,노션 사용법 정리 pdf,google_suggest,how_to,95,medium,low,2026-05-12,사용 방법을 찾는 검색어라 단계별 설명 글로 만들기 좋습니다.,95,노션 사용법 정리 pdf 기능과 사용 방법 쉽게 설명,2026-05-12 16:21:43,feature_explanation,기능 설명형
office365,실무에서 바로 쓰는 파워포인트 디자인,google_suggest,practical,90,low,low,2026-05-12,실무 활용 의도가 강해 경험형 콘텐츠로 확장하기 좋습니다.,90,실무에서 바로 쓰는 파워포인트 디자인 실무에서 바로 쓰는 방법,2026-05-12 16:21:43,practical_usage,실무 활용형
office365,Microsoft Teams 정리,naver_suggest,practical,90,low,low,2026-05-12,실무 활용 의도가 강해 경험형 콘텐츠로 확장하기 좋습니다.,90,Microsoft Teams 정리 실무에서 바로 쓰는 방법,2026-05-12 16:21:43,practical_usage,실무 활용형
office365,microsoft teams 활용,google_suggest,practical,90,low,low,2026-05-12,실무 활용 의도가 강해 경험형 콘텐츠로 확장하기 좋습니다.,90,microsoft teams 활용 실무에서 바로 쓰는 방법,2026-05-12 16:21:43,practical_usage,실무 활용형
office365,워드 비교본 저장 방법,naver_suggest,comparison,85,medium,low,2026-05-12,비교 검색 의도가 있어 선택 기준을 설명하는 글로 적합합니다.,85,워드 비교본 저장 방법 차이점과 선택 기준 정리,2026-05-12 16:21:43,comparison_analysis,비교/분석형
python,vscode 파이썬 설정,google_suggest,comparison,85,medium,low,2026-05-12,비교 검색 의도가 있어 선택 기준을 설명하는 글로 적합합니다.,85,vscode 파이썬 설정 차이점과 선택 기준 정리,2026-05-12 16:21:43,comparison_analysis,비교/분석형
python,vs 코드 파이썬 설정,google_suggest,comparison,85,medium,low,2026-05-12,비교 검색 의도가 있어 선택 기준을 설명하는 글로 적합합니다.,85,vs 코드 파이썬 설정 차이점과 선택 기준 정리,2026-05-12 16:21:43,comparison_analysis,비교/분석형
office365,microsoft 365 결제 오류,google_suggest,problem_solving,95,low,low,2026-05-12,문제 해결형 검색어라 방문 의도가 강합니다.,95,microsoft 365 결제 오류 원인과 해결 방법,2026-05-12 16:22:08,error_solution,오류 해결형
office365,microsoft 365 제거 오류,google_suggest,problem_solving,95,low,low,2026-05-12,문제 해결형 검색어라 방문 의도가 강합니다.,95,microsoft 365 제거 오류 원인과 해결 방법,2026-05-12 16:22:08,error_solution,오류 해결형
office365,microsoft 365 삭제 안됨,google_suggest,problem_solving,95,low,low,2026-05-12,문제 해결형 검색어라 방문 의도가 강합니다.,95,microsoft 365 삭제 안됨 원인과 해결 방법,2026-05-12 16:22:08,error_solution,오류 해결형
unity,유니티 기본 폰트 설정,google_suggest,how_to,90,medium,low,2026-05-12,사용 방법을 찾는 검색어라 단계별 설명 글로 만들기 좋습니다.,90,유니티 기본 폰트 설정 기능과 사용 방법 쉽게 설명,2026-05-12 16:22:08,feature_explanation,기능 설명형
general_it,스마트폰 기본브라우저 설정,google_suggest,how_to,90,medium,low,2026-05-12,사용 방법을 찾는 검색어라 단계별 설명 글로 만들기 좋습니다.,90,스마트폰 기본브라우저 설정 기능과 사용 방법 쉽게 설명,2026-05-12 16:22:08,feature_explanation,기능 설명형
general_it,스마트폰 pdf 기본앱 설정,google_suggest,how_to,90,medium,low,2026-05-12,사용 방법을 찾는 검색어라 단계별 설명 글로 만들기 좋습니다.,90,스마트폰 pdf 기본앱 설정 기능과 사용 방법 쉽게 설명,2026-05-12 16:22:08,feature_explanation,기능 설명형
office365,microsoft teams 활용법,google_suggest,practical,90,low,low,2026-05-12,실무 활용 의도가 강해 경험형 콘텐츠로 확장하기 좋습니다.,90,microsoft teams 활용법 실무에서 바로 쓰는 방법,2026-05-12 16:22:08,practical_usage,실무 활용형
office365,Microsoft Teams 자동화,naver_suggest,practical,90,low,low,2026-05-12,실무 활용 의도가 강해 경험형 콘텐츠로 확장하기 좋습니다.,90,Microsoft Teams 자동화 실무에서 바로 쓰는 방법,2026-05-12 16:22:08,practical_usage,실무 활용형
office365,Microsoft Teams 실무,naver_suggest,practical,90,low,low,2026-05-12,실무 활용 의도가 강해 경험형 콘텐츠로 확장하기 좋습니다.,90,Microsoft Teams 실무 실무에서 바로 쓰는 방법,2026-05-12 16:22:08,practical_usage,실무 활용형
python,vscode 파이썬 사용법,google_suggest,comparison,85,medium,low,2026-05-12,비교 검색 의도가 있어 선택 기준을 설명하는 글로 적합합니다.,85,vscode 파이썬 사용법 차이점과 선택 기준 정리,2026-05-12 16:22:08,comparison_analysis,비교/분석형
python,vscode python 사용법,google_suggest,comparison,85,medium,low,2026-05-12,비교 검색 의도가 있어 선택 기준을 설명하는 글로 적합합니다.,85,vscode python 사용법 차이점과 선택 기준 정리,2026-05-12 16:22:08,comparison_analysis,비교/분석형
python,vscode python 설정,google_suggest,comparison,85,medium,low,2026-05-12,비교 검색 의도가 있어 선택 기준을 설명하는 글로 적합합니다.,85,vscode python 설정 차이점과 선택 기준 정리,2026-05-12 16:22:08,comparison_analysis,비교/분석형
office365,microsoft 365 활성화 안됨,google_suggest,problem_solving,95,low,low,2026-05-12,문제 해결형 검색어라 방문 의도가 강합니다.,95,microsoft 365 활성화 안됨 원인과 해결 방법,2026-05-12 16:22:38,error_solution,오류 해결형
office365,microsoft 365 파일 삭제 안됨,google_suggest,problem_solving,95,low,low,2026-05-12,문제 해결형 검색어라 방문 의도가 강합니다.,95,microsoft 365 파일 삭제 안됨 원인과 해결 방법,2026-05-12 16:22:38,error_solution,오류 해결형
office365,microsoft 365 설치 안됨,google_suggest,problem_solving,95,low,low,2026-05-12,문제 해결형 검색어라 방문 의도가 강합니다.,95,microsoft 365 설치 안됨 원인과 해결 방법,2026-05-12 16:22:38,error_solution,오류 해결형
general_it,스마트폰 기본 앱 설정,google_suggest,how_to,90,medium,low,2026-05-12,사용 방법을 찾는 검색어라 단계별 설명 글로 만들기 좋습니다.,90,스마트폰 기본 앱 설정 기능과 사용 방법 쉽게 설명,2026-05-12 16:22:38,feature_explanation,기능 설명형
general_it,스마트폰 크롬 기본브라우저 설정,google_suggest,how_to,90,medium,low,2026-05-12,사용 방법을 찾는 검색어라 단계별 설명 글로 만들기 좋습니다.,90,스마트폰 크롬 기본브라우저 설정 기능과 사용 방법 쉽게 설명,2026-05-12 16:22:38,feature_explanation,기능 설명형
office365,오피스365 기본앱 설정,google_suggest,how_to,90,medium,low,2026-05-12,사용 방법을 찾는 검색어라 단계별 설명 글로 만들기 좋습니다.,90,오피스365 기본앱 설정 기능과 사용 방법 쉽게 설명,2026-05-12 16:22:38,feature_explanation,기능 설명형
unreal,언리얼 엔진 활용 버추얼 프로덕션 실무,google_suggest,practical,90,low,low,2026-05-12,실무 활용 의도가 강해 경험형 콘텐츠로 확장하기 좋습니다.,90,언리얼 엔진 활용 버추얼 프로덕션 실무 실무에서 바로 쓰는 방법,2026-05-12 16:22:38,practical_usage,실무 활용형
unreal,애니메이터를 위한 unreal engine 활용 가이드,google_suggest,practical,90,low,low,2026-05-12,실무 활용 의도가 강해 경험형 콘텐츠로 확장하기 좋습니다.,90,애니메이터를 위한 unreal engine 활용 가이드 실무에서 바로 쓰는 방법,2026-05-12 16:22:38,practical_usage,실무 활용형
blender,블렌더 를 활용 한 재밌는 3d 캐릭터 모델링,google_suggest,practical,90,low,low,2026-05-12,실무 활용 의도가 강해 경험형 콘텐츠로 확장하기 좋습니다.,90,블렌더 를 활용 한 재밌는 3d 캐릭터 모델링 실무에서 바로 쓰는 방법,2026-05-12 16:22:38,practical_usage,실무 활용형
python,vsc python 설정,google_suggest,comparison,85,medium,low,2026-05-12,비교 검색 의도가 있어 선택 기준을 설명하는 글로 적합합니다.,85,vsc python 설정 차이점과 선택 기준 정리,2026-05-12 16:22:38,comparison_analysis,비교/분석형
unity,unity awake start 차이,google_suggest,comparison,80,low,low,2026-05-12,비교 검색 의도가 있어 선택 기준을 설명하는 글로 적합합니다.,80,unity awake start 차이 차이점과 선택 기준 정리,2026-05-12 16:22:38,comparison_analysis,비교/분석형
unity,unity update fixedupdate 차이,google_suggest,comparison,80,low,low,2026-05-12,비교 검색 의도가 있어 선택 기준을 설명하는 글로 적합합니다.,80,unity update fixedupdate 차이 차이점과 선택 기준 정리,2026-05-12 16:22:38,comparison_analysis,비교/분석형
office365,microsoft 365 로그인 안됨,google_suggest,problem_solving,95,low,low,2026-05-12,문제 해결형 검색어라 방문 의도가 강합니다.,95,microsoft 365 로그인 안됨 문제를 줄이는 실무 처리 순서,2026-05-12 16:38:08,error_solution,오류 해결형
office365,microsoft 365 copilot 로그인 안됨,google_suggest,problem_solving,95,low,low,2026-05-12,문제 해결형 검색어라 방문 의도가 강합니다.,95,microsoft 365 copilot 로그인 안됨 해결 전에 먼저 확인할 것,2026-05-12 16:38:08,error_solution,오류 해결형
office365,microsoft 365 결제 안됨,google_suggest,problem_solving,95,low,low,2026-05-12,문제 해결형 검색어라 방문 의도가 강합니다.,95,microsoft 365 결제 안됨 자주 생기는 이유와 점검 순서,2026-05-12 16:38:08,error_solution,오류 해결형
office365,microsoft 365 실행 안됨,google_suggest,problem_solving,95,low,low,2026-05-12,문제 해결형 검색어라 방문 의도가 강합니다.,95,microsoft 365 실행 안됨 자주 생기는 이유와 점검 순서,2026-05-12 16:38:08,error_solution,오류 해결형
office365,excel 기본 글꼴 설정,google_suggest,how_to,90,medium,low,2026-05-12,사용 방법을 찾는 검색어라 단계별 설명 글로 만들기 좋습니다.,90,excel 기본 글꼴 설정 기본 개념부터 적용 방법까지 정리,2026-05-12 16:38:08,feature_explanation,기능 설명형
office365,excel 기본 프로그램 설정,google_suggest,how_to,90,medium,low,2026-05-12,사용 방법을 찾는 검색어라 단계별 설명 글로 만들기 좋습니다.,90,excel 기본 프로그램 설정 처음 시작할 때 알아두면 좋은 사용법,2026-05-12 16:38:08,feature_explanation,기능 설명형
office365,excel 기본앱 설정,google_suggest,how_to,90,medium,low,2026-05-12,사용 방법을 찾는 검색어라 단계별 설명 글로 만들기 좋습니다.,90,excel 기본앱 설정 초보자도 이해하기 쉬운 설정과 활용,2026-05-12 16:38:08,feature_explanation,기능 설명형
python,파이썬 데이터 분석 실무 테크닉 100,google_suggest,practical,90,low,low,2026-05-12,실무 활용 의도가 강해 경험형 콘텐츠로 확장하기 좋습니다.,90,파이썬 데이터 분석 실무 테크닉 100 업무에 적용하는 단계별 방법,2026-05-12 16:38:08,practical_usage,실무 활용형
python,python 활용 인문 사회 과학 논문 쓰기,google_suggest,practical,90,low,low,2026-05-12,실무 활용 의도가 강해 경험형 콘텐츠로 확장하기 좋습니다.,90,python 활용 인문 사회 과학 논문 쓰기 실무에서 바로 쓰는 방법,2026-05-12 16:38:08,practical_usage,실무 활용형
python,python 을 활용 한 빅 데이터 분석 과 시각화,google_suggest,practical,90,low,low,2026-05-12,실무 활용 의도가 강해 경험형 콘텐츠로 확장하기 좋습니다.,90,python 을 활용 한 빅 데이터 분석 과 시각화 실무에서 바로 쓰는 방법,2026-05-12 16:38:08,practical_usage,실무 활용형
office365,오피스365 오피스 2021 차이 디시,google_suggest,comparison,80,low,low,2026-05-12,비교 검색 의도가 있어 선택 기준을 설명하는 글로 적합합니다.,80,오피스365 오피스 2021 차이 디시 비교할 때 먼저 봐야 할 핵심,2026-05-12 16:38:08,comparison_analysis,비교/분석형
office365,오피스365 마이크로소프트365 차이,google_suggest,comparison,80,low,low,2026-05-12,비교 검색 의도가 있어 선택 기준을 설명하는 글로 적합합니다.,80,오피스365 마이크로소프트365 차이 어떤 상황에서 무엇을 골라야 하는지 정리,2026-05-12 16:38:08,comparison_analysis,비교/분석형
general_it,윈도우 디스크 정리 안됨,perplexity_questions,problem_solving,100,medium,low,2026-05-12,메모리/CPU와 다른 저장공간 관리 문제,100,윈도우 디스크 정리 안됨 해결 전에 먼저 확인할 것,2026-05-12 17:31:11,error_solution,오류 해결형
office365,microsoft 365 copilot 실행 안됨,google_suggest,problem_solving,95,low,low,2026-05-12,문제 해결형 검색어라 방문 의도가 강합니다.,95,microsoft 365 copilot 실행 안됨 원인과 해결 방법,2026-05-12 17:31:11,error_solution,오류 해결형
office365,microsoft 365 문제 해결사,google_suggest,problem_solving,95,low,low,2026-05-12,문제 해결형 검색어라 방문 의도가 강합니다.,95,microsoft 365 문제 해결사 문제를 줄이는 실무 처리 순서,2026-05-12 17:31:11,error_solution,오류 해결형
office365,microsoft 365 정품 인증 문제 해결사,google_suggest,problem_solving,95,low,low,2026-05-12,문제 해결형 검색어라 방문 의도가 강합니다.,95,microsoft 365 정품 인증 문제 해결사 자주 생기는 이유와 점검 순서,2026-05-12 17:31:11,error_solution,오류 해결형
trello,트렐로 자동화 Butler 설정,perplexity_questions,how_to,95,medium,low,2026-05-12,기존 글의 노션 페이지나 파이썬 Set과 다른 트렐로 자동화 오류,95,트렐로 자동화 Butler 설정 처음 시작할 때 알아두면 좋은 사용법,2026-05-12 17:31:11,feature_explanation,기능 설명형
office365,워드 기본 설정 초기화,google_suggest,how_to,90,medium,low,2026-05-12,사용 방법을 찾는 검색어라 단계별 설명 글로 만들기 좋습니다.,90,워드 기본 설정 초기화 기본 개념부터 적용 방법까지 정리,2026-05-12 17:31:11,feature_explanation,기능 설명형
office365,ppt 초보자 사용방법,naver_suggest,how_to,90,medium,low,2026-05-12,사용 방법을 찾는 검색어라 단계별 설명 글로 만들기 좋습니다.,90,ppt 초보자 사용방법 기능과 사용 방법 쉽게 설명,2026-05-12 17:31:11,feature_explanation,기능 설명형
python,python 라이브러리를 활용한 인공지능,google_suggest,practical,90,low,low,2026-05-12,실무 활용 의도가 강해 경험형 콘텐츠로 확장하기 좋습니다.,90,python 라이브러리를 활용한 인공지능 업무에 적용하는 단계별 방법,2026-05-12 17:31:11,practical_usage,실무 활용형
python,python 을 활용 한 데이터 분석,google_suggest,practical,90,low,low,2026-05-12,실무 활용 의도가 강해 경험형 콘텐츠로 확장하기 좋습니다.,90,python 을 활용 한 데이터 분석 실무에서 바로 쓰는 방법,2026-05-12 17:31:11,practical_usage,실무 활용형
notion,notion database 활용,google_suggest,practical,90,low,low,2026-05-12,실무 활용 의도가 강해 경험형 콘텐츠로 확장하기 좋습니다.,90,notion database 활용 업무에 적용하는 단계별 방법,2026-05-12 17:31:11,practical_usage,실무 활용형
office365,오피스365 가정용 비즈니스용 차이,google_suggest,comparison,80,low,low,2026-05-12,비교 검색 의도가 있어 선택 기준을 설명하는 글로 적합합니다.,80,오피스365 가정용 비즈니스용 차이 비교할 때 먼저 봐야 할 핵심,2026-05-12 17:31:11,comparison_analysis,비교/분석형
office365,microsoft 365 copilot 차이,google_suggest,comparison,80,low,low,2026-05-12,비교 검색 의도가 있어 선택 기준을 설명하는 글로 적합합니다.,80,microsoft 365 copilot 차이 차이를 이해하고 선택하는 방법,2026-05-12 17:31:11,comparison_analysis,비교/분석형
trello,트렐로 자동화 규칙 작동 안함,perplexity_questions,problem_solving,100,medium,low,2026-05-12,"Butler 오류, 기존 글에 자동화 미언급",100,트렐로 자동화 규칙 작동 안함 원인과 해결 방법,2026-05-12 17:41:00,error_solution,오류 해결형
office365,Microsoft 365 구독에 문제가 발생했으며,google_suggest,problem_solving,95,low,low,2026-05-12,문제 해결형 검색어라 방문 의도가 강합니다.,95,Microsoft 365 구독에 문제가 발생했으며 자주 생기는 이유와 점검 순서,2026-05-12 17:41:00,error_solution,오류 해결형
office365,excel 오류가 생겨 제대로 작동할 수 없습니다,google_suggest,problem_solving,95,low,low,2026-05-12,문제 해결형 검색어라 방문 의도가 강합니다.,95,excel 오류가 생겨 제대로 작동할 수 없습니다 원인과 해결 방법,2026-05-12 17:41:00,error_solution,오류 해결형
office365,워드 오류 책갈피가 정의되어 있지 않습니다,google_suggest,problem_solving,95,low,low,2026-05-12,문제 해결형 검색어라 방문 의도가 강합니다.,95,워드 오류 책갈피가 정의되어 있지 않습니다 자주 생기는 이유와 점검 순서,2026-05-12 17:41:00,error_solution,오류 해결형
office365,아웃룩 기본 글꼴 설정,google_suggest,how_to,90,medium,low,2026-05-12,사용 방법을 찾는 검색어라 단계별 설명 글로 만들기 좋습니다.,90,아웃룩 기본 글꼴 설정 기능과 사용 방법 쉽게 설명,2026-05-12 17:41:00,feature_explanation,기능 설명형
office365,아웃룩 기본 폰트 설정,google_suggest,how_to,90,medium,low,2026-05-12,사용 방법을 찾는 검색어라 단계별 설명 글로 만들기 좋습니다.,90,아웃룩 기본 폰트 설정 기능과 사용 방법 쉽게 설명,2026-05-12 17:41:00,feature_explanation,기능 설명형
office365,아웃룩 기본 글자 크기 설정,google_suggest,how_to,90,medium,low,2026-05-12,사용 방법을 찾는 검색어라 단계별 설명 글로 만들기 좋습니다.,90,아웃룩 기본 글자 크기 설정 처음 시작할 때 알아두면 좋은 사용법,2026-05-12 17:41:00,feature_explanation,기능 설명형
office365,오피스365 파워포인트 슬라이드 마스터 활용법,perplexity_questions,practical,90,low,low,2026-05-12,기존 글은 슬라이드 삭제 같은 기본 편집이고 이것은 디자인 템플릿 설정,90,오피스365 파워포인트 슬라이드 마스터 활용법 실무에서 바로 쓰는 방법,2026-05-12 17:41:00,practical_usage,실무 활용형
python,파이썬 selenium 브라우저 자동화,perplexity_questions,practical,90,low,low,2026-05-12,자료구조와 무관한 브라우저 제어 오류 해결,90,파이썬 selenium 브라우저 자동화 반복 작업을 줄이는 실전 사용법,2026-05-12 17:41:00,practical_usage,실무 활용형
office365,오피스365 엑셀간트 XLGantt 프로젝트 일정관리,perplexity_questions,practical,90,low,low,2026-05-12,기존 글은 기본 엑셀 기능이고 이것은 전문 애드온 도구 활용,90,오피스365 엑셀간트 XLGantt 프로젝트 일정관리 실무에서 바로 쓰는 방법,2026-05-12 17:41:00,practical_usage,실무 활용형
office365,microsoft 365 가정용 비즈니스용 차이,google_suggest,comparison,80,low,low,2026-05-12,비교 검색 의도가 있어 선택 기준을 설명하는 글로 적합합니다.,80,microsoft 365 가정용 비즈니스용 차이 차이점과 선택 기준 정리,2026-05-12 17:41:00,comparison_analysis,비교/분석형
office365,microsoft 365 office 2024 차이,google_suggest,comparison,80,low,low,2026-05-12,비교 검색 의도가 있어 선택 기준을 설명하는 글로 적합합니다.,80,microsoft 365 office 2024 차이 어떤 상황에서 무엇을 골라야 하는지 정리,2026-05-12 17:41:00,comparison_analysis,비교/분석형
office365,워드 오류 참조 원본을 찾을 수 없습니다,google_suggest,problem_solving,95,low,low,2026-05-12,문제 해결형 검색어라 방문 의도가 강합니다.,95,워드 오류 참조 원본을 찾을 수 없습니다 자주 생기는 이유와 점검 순서,2026-05-12 17:45:33,error_solution,오류 해결형
office365,워드 오류로 인해 내보내지 못했습니다,google_suggest,problem_solving,95,low,low,2026-05-12,문제 해결형 검색어라 방문 의도가 강합니다.,95,워드 오류로 인해 내보내지 못했습니다 자주 생기는 이유와 점검 순서,2026-05-12 17:45:33,error_solution,오류 해결형
office365,워드 오류 지정한 스타일은 사용되지 않습니다,google_suggest,problem_solving,95,low,low,2026-05-12,문제 해결형 검색어라 방문 의도가 강합니다.,95,워드 오류 지정한 스타일은 사용되지 않습니다 원인과 해결 방법,2026-05-12 17:45:33,error_solution,오류 해결형
office365,excel 내용에 문제가 있습니다,google_suggest,problem_solving,95,low,low,2026-05-12,문제 해결형 검색어라 방문 의도가 강합니다.,95,excel 내용에 문제가 있습니다 자주 생기는 이유와 점검 순서,2026-05-12 17:45:33,error_solution,오류 해결형
office365,아웃룩 기본 양식 설정,google_suggest,how_to,90,medium,low,2026-05-12,사용 방법을 찾는 검색어라 단계별 설명 글로 만들기 좋습니다.,90,아웃룩 기본 양식 설정 처음 시작할 때 알아두면 좋은 사용법,2026-05-12 17:45:33,feature_explanation,기능 설명형
office365,아웃룩 기본 서식 설정,google_suggest,how_to,90,medium,low,2026-05-12,사용 방법을 찾는 검색어라 단계별 설명 글로 만들기 좋습니다.,90,아웃룩 기본 서식 설정 처음 시작할 때 알아두면 좋은 사용법,2026-05-12 17:45:33,feature_explanation,기능 설명형
office365,outlook 기본 폰트 설정,google_suggest,how_to,90,medium,low,2026-05-12,사용 방법을 찾는 검색어라 단계별 설명 글로 만들기 좋습니다.,90,outlook 기본 폰트 설정 초보자도 이해하기 쉬운 설정과 활용,2026-05-12 17:45:33,feature_explanation,기능 설명형
python,파이썬 문자열 슬라이싱 인덱스 음수 활용,perplexity_questions,practical,90,low,low,2026-05-12,기존 글에 없는 슬라이싱 고급 기법 추가,90,파이썬 문자열 슬라이싱 인덱스 음수 활용 반복 작업을 줄이는 실전 사용법,2026-05-12 17:45:33,practical_usage,실무 활용형
python,파이썬 예외처리 try except else finally 실전 활용,perplexity_questions,practical,90,low,low,2026-05-12,기존 글에 없는 실무 예외처리 전략 추가,90,파이썬 예외처리 try except else finally 실전 활용 반복 작업을 줄이는 실전 사용법,2026-05-12 17:45:33,practical_usage,실무 활용형
python,파이썬 조건문 논리 연산자 and or not 활용,perplexity_questions,practical,90,low,low,2026-05-12,기존 글에 없는 조건문 고급 활용법 추가,90,파이썬 조건문 논리 연산자 and or not 활용 작업 흐름에 맞춰 정리한 활용법,2026-05-12 17:45:33,practical_usage,실무 활용형
office365,microsoft 365 basic personal 차이,google_suggest,comparison,80,low,low,2026-05-12,비교 검색 의도가 있어 선택 기준을 설명하는 글로 적합합니다.,80,microsoft 365 basic personal 차이 차이점과 선택 기준 정리,2026-05-12 17:45:33,comparison_analysis,비교/분석형
office365,microsoft 365 basic 차이,google_suggest,comparison,80,low,low,2026-05-12,비교 검색 의도가 있어 선택 기준을 설명하는 글로 적합합니다.,80,microsoft 365 basic 차이 차이점과 선택 기준 정리,2026-05-12 17:45:33,comparison_analysis,비교/분석형
office365,excel 잠재적인 보안 문제가 있습니다,google_suggest,problem_solving,95,low,low,2026-05-12,문제 해결형 검색어라 방문 의도가 강합니다.,95,excel 잠재적인 보안 문제가 있습니다 해결 전에 먼저 확인할 것,2026-05-12 17:48:41,error_solution,오류 해결형
office365,powerpoint 에 오류 가 생겨 제대로 작동 할 수 없습니다,google_suggest,problem_solving,95,low,low,2026-05-12,문제 해결형 검색어라 방문 의도가 강합니다.,95,powerpoint 에 오류 가 생겨 제대로 작동 할 수 없습니다 문제를 줄이는 실무 처리 순서,2026-05-12 17:48:41,error_solution,오류 해결형
office365,powerpoint 저장 중 오류가 발생했습니다,google_suggest,problem_solving,95,low,low,2026-05-12,문제 해결형 검색어라 방문 의도가 강합니다.,95,powerpoint 저장 중 오류가 발생했습니다 자주 생기는 이유와 점검 순서,2026-05-12 17:48:41,error_solution,오류 해결형
office365,powerpoint 응용 프로그램 오류,google_suggest,problem_solving,95,low,low,2026-05-12,문제 해결형 검색어라 방문 의도가 강합니다.,95,powerpoint 응용 프로그램 오류 해결 전에 먼저 확인할 것,2026-05-12 17:48:41,error_solution,오류 해결형
office365,outlook 기본 서식 설정,google_suggest,how_to,90,medium,low,2026-05-12,사용 방법을 찾는 검색어라 단계별 설명 글로 만들기 좋습니다.,90,outlook 기본 서식 설정 기본 개념부터 적용 방법까지 정리,2026-05-12 17:48:41,feature_explanation,기능 설명형
office365,outlook 기본 설정,google_suggest,how_to,90,medium,low,2026-05-12,사용 방법을 찾는 검색어라 단계별 설명 글로 만들기 좋습니다.,90,outlook 기본 설정 처음 시작할 때 알아두면 좋은 사용법,2026-05-12 17:48:41,feature_explanation,기능 설명형
office365,팀즈 기본 브라우저 설정,google_suggest,how_to,90,medium,low,2026-05-12,사용 방법을 찾는 검색어라 단계별 설명 글로 만들기 좋습니다.,90,팀즈 기본 브라우저 설정 초보자도 이해하기 쉬운 설정과 활용,2026-05-12 17:48:41,feature_explanation,기능 설명형
excel,텍스트 함수 CONCATENATE TEXTJOIN 활용,perplexity_questions,practical,90,low,low,2026-04-28,실무 활용 의도가 강해 경험형 콘텐츠로 확장하기 좋습니다.,90,텍스트 함수 CONCATENATE TEXTJOIN 활용 반복 작업을 줄이는 실전 사용법,2026-05-12 17:48:41,practical_usage,실무 활용형
excel,엑셀 파일 손상 시 Microsoft Office 복구 도구 활용,perplexity_questions,practical,90,low,low,2026-04-26,실무 활용 의도가 강해 경험형 콘텐츠로 확장하기 좋습니다.,90,엑셀 파일 손상 시 Microsoft Office 복구 도구 활용 실무에서 바로 쓰는 방법,2026-05-12 17:48:41,practical_usage,실무 활용형
notion,노션으로 개인 재정 관리 대시보드 구축하기,perplexity_questions,practical,90,low,low,2026-04-26,실무 활용 의도가 강해 경험형 콘텐츠로 확장하기 좋습니다.,90,노션으로 개인 재정 관리 대시보드 구축하기 실무에서 바로 쓰는 방법,2026-05-12 17:48:41,practical_usage,실무 활용형
office365,microsoft 365 personal family 차이,google_suggest,comparison,80,low,low,2026-05-12,비교 검색 의도가 있어 선택 기준을 설명하는 글로 적합합니다.,80,microsoft 365 personal family 차이 비교할 때 먼저 봐야 할 핵심,2026-05-12 17:48:41,comparison_analysis,비교/분석형
office365,microsoft 365 라이선스 비교,google_suggest,comparison,80,low,low,2026-05-12,비교 검색 의도가 있어 선택 기준을 설명하는 글로 적합합니다.,80,microsoft 365 라이선스 비교 어떤 상황에서 무엇을 골라야 하는지 정리,2026-05-12 17:48:41,comparison_analysis,비교/분석형
office365,powerpoint 동영상 재생 안됨,google_suggest,problem_solving,95,low,low,2026-05-12,문제 해결형 검색어라 방문 의도가 강합니다.,95,powerpoint 동영상 재생 안됨 문제를 줄이는 실무 처리 순서,2026-05-12 18:46:11,error_solution,오류 해결형
office365,powerpoint 내용 에 문제 가 있습니다,google_suggest,problem_solving,95,low,low,2026-05-12,문제 해결형 검색어라 방문 의도가 강합니다.,95,powerpoint 내용 에 문제 가 있습니다 자주 생기는 이유와 점검 순서,2026-05-12 18:46:11,error_solution,오류 해결형
office365,아웃룩 문제가 발생하여 검색을 완료하지 못했습니다,google_suggest,problem_solving,95,low,low,2026-05-12,문제 해결형 검색어라 방문 의도가 강합니다.,95,아웃룩 문제가 발생하여 검색을 완료하지 못했습니다 자주 생기는 이유와 점검 순서,2026-05-12 18:46:11,error_solution,오류 해결형
office365,아웃룩 문제가 발생하여 아직 메시지를 보내지 못했습니다,google_suggest,problem_solving,95,low,low,2026-05-12,문제 해결형 검색어라 방문 의도가 강합니다.,95,아웃룩 문제가 발생하여 아직 메시지를 보내지 못했습니다 문제를 줄이는 실무 처리 순서,2026-05-12 18:46:11,error_solution,오류 해결형
jira,지라 대시보드 만들기 및 위젯 활용,perplexity_questions,how_to,100,low,low,2026-05-12,기존 글은 대시보드 개념만 언급하고 실제 구성 방법은 다루지 않음,100,지라 대시보드 만들기 및 위젯 활용 기본 개념부터 적용 방법까지 정리,2026-05-12 18:46:11,feature_explanation,기능 설명형
jira,지라 백로그 관리 및 우선순위 설정,perplexity_questions,how_to,100,low,low,2026-05-12,기존 글은 기본 용어만 설명하고 실제 백로그 관리 방법론은 미포함,100,지라 백로그 관리 및 우선순위 설정 처음 시작할 때 알아두면 좋은 사용법,2026-05-12 18:46:11,feature_explanation,기능 설명형
jira,지라 자동화 규칙 설정 실전,perplexity_questions,how_to,95,medium,low,2026-05-12,기존 영상은 자동화 Top 3 기능만 소개하고 실제 설정 튜토리얼은 없음,95,지라 자동화 규칙 설정 실전 기본 개념부터 적용 방법까지 정리,2026-05-12 18:46:11,feature_explanation,기능 설명형
notion,노션 공식 템플릿 커스터마이징 실무 가이드,perplexity_questions,practical,90,low,low,2026-04-26,실무 활용 의도가 강해 경험형 콘텐츠로 확장하기 좋습니다.,90,노션 공식 템플릿 커스터마이징 실무 가이드 업무에 적용하는 단계별 방법,2026-05-12 18:46:11,practical_usage,실무 활용형
notion,노션 서브페이지와 링크 데이터베이스로 지식 정리,perplexity_questions,practical,90,low,low,2026-04-26,실무 활용 의도가 강해 경험형 콘텐츠로 확장하기 좋습니다.,90,노션 서브페이지와 링크 데이터베이스로 지식 정리 업무에 적용하는 단계별 방법,2026-05-12 18:46:11,practical_usage,실무 활용형
notion,노션으로 주간 플래너와 할 일 목록 자동화,perplexity_questions,practical,90,low,low,2026-04-26,실무 활용 의도가 강해 경험형 콘텐츠로 확장하기 좋습니다.,90,노션으로 주간 플래너와 할 일 목록 자동화 실무에서 바로 쓰는 방법,2026-05-12 18:46:11,practical_usage,실무 활용형
office365,microsoft 365 플랜 비교,google_suggest,comparison,80,low,low,2026-05-12,비교 검색 의도가 있어 선택 기준을 설명하는 글로 적합합니다.,80,microsoft 365 플랜 비교 어떤 상황에서 무엇을 골라야 하는지 정리,2026-05-12 18:46:11,comparison_analysis,비교/분석형
office365,microsoft 365 e3 e5 비교,google_suggest,comparison,80,low,low,2026-05-12,비교 검색 의도가 있어 선택 기준을 설명하는 글로 적합합니다.,80,microsoft 365 e3 e5 비교 차이점과 선택 기준 정리,2026-05-12 18:46:11,comparison_analysis,비교/분석형
office365,아웃룩 문제 발생 잠시 후에 파일 을 다시 열어 보세요,google_suggest,problem_solving,95,low,low,2026-05-12,문제 해결형 검색어라 방문 의도가 강합니다.,95,아웃룩 문제 발생 잠시 후에 파일 을 다시 열어 보세요 자주 생기는 이유와 점검 순서,2026-05-12 18:55:15,error_solution,오류 해결형
office365,outlook 오류 0x800ccc0f,google_suggest,problem_solving,95,low,low,2026-05-12,문제 해결형 검색어라 방문 의도가 강합니다.,95,outlook 오류 0x800ccc0f 원인과 해결 방법,2026-05-12 18:55:15,error_solution,오류 해결형
office365,outlook 오류가 발생했습니다,google_suggest,problem_solving,95,low,low,2026-05-12,문제 해결형 검색어라 방문 의도가 강합니다.,95,outlook 오류가 발생했습니다 원인과 해결 방법,2026-05-12 18:55:15,error_solution,오류 해결형
office365,microsoft outlook 오류,google_suggest,problem_solving,95,low,low,2026-05-12,문제 해결형 검색어라 방문 의도가 강합니다.,95,microsoft outlook 오류 해결 전에 먼저 확인할 것,2026-05-12 18:55:15,error_solution,오류 해결형
office365,팀즈 파일열기 기본설정,google_suggest,how_to,90,medium,low,2026-05-12,사용 방법을 찾는 검색어라 단계별 설명 글로 만들기 좋습니다.,90,팀즈 파일열기 기본설정 기본 개념부터 적용 방법까지 정리,2026-05-12 18:55:15,feature_explanation,기능 설명형
office365,원노트 기본 글꼴 설정,google_suggest,how_to,90,medium,low,2026-05-12,사용 방법을 찾는 검색어라 단계별 설명 글로 만들기 좋습니다.,90,원노트 기본 글꼴 설정 기본 개념부터 적용 방법까지 정리,2026-05-12 18:55:15,feature_explanation,기능 설명형
office365,onenote 기본 폰트 설정,google_suggest,how_to,90,medium,low,2026-05-12,사용 방법을 찾는 검색어라 단계별 설명 글로 만들기 좋습니다.,90,onenote 기본 폰트 설정 기본 개념부터 적용 방법까지 정리,2026-05-12 18:55:15,feature_explanation,기능 설명형
ppt,이슈와 개선 방향 제안하는 PPT 템플릿 활용법,perplexity_questions,practical,90,low,low,2026-04-26,실무 활용 의도가 강해 경험형 콘텐츠로 확장하기 좋습니다.,90,이슈와 개선 방향 제안하는 PPT 템플릿 활용법 실무에서 바로 쓰는 방법,2026-05-12 18:55:15,practical_usage,실무 활용형
word,워드 문서 손상 복구 및 텍스트 패드 활용법,perplexity_questions,practical,90,low,low,2026-04-26,실무 활용 의도가 강해 경험형 콘텐츠로 확장하기 좋습니다.,90,워드 문서 손상 복구 및 텍스트 패드 활용법 반복 작업을 줄이는 실전 사용법,2026-05-12 18:55:15,practical_usage,실무 활용형
unity,실무형 unity 게임개발자 양성과정,google_suggest,practical,90,low,low,2026-04-26,실무 활용 의도가 강해 경험형 콘텐츠로 확장하기 좋습니다.,90,실무형 unity 게임개발자 양성과정 반복 작업을 줄이는 실전 사용법,2026-05-12 18:55:15,practical_usage,실무 활용형
office365,hotmail outlook 차이,google_suggest,comparison,80,low,low,2026-05-12,비교 검색 의도가 있어 선택 기준을 설명하는 글로 적합합니다.,80,hotmail outlook 차이 차이점과 선택 기준 정리,2026-05-12 18:55:15,comparison_analysis,비교/분석형
office365,exchange outlook 차이,google_suggest,comparison,80,low,low,2026-05-12,비교 검색 의도가 있어 선택 기준을 설명하는 글로 적합합니다.,80,exchange outlook 차이 어떤 상황에서 무엇을 골라야 하는지 정리,2026-05-12 18:55:15,comparison_analysis,비교/분석형
office365,outlook 문제가 발생하여 검색을 완료하지 못했습니다,google_suggest,problem_solving,95,low,low,2026-05-12,문제 해결형 검색어라 방문 의도가 강합니다.,95,outlook 문제가 발생하여 검색을 완료하지 못했습니다 문제를 줄이는 실무 처리 순서,2026-05-12 18:58:58,error_solution,오류 해결형
office365,outlook 문제가 발생했습니다,google_suggest,problem_solving,95,low,low,2026-05-12,문제 해결형 검색어라 방문 의도가 강합니다.,95,outlook 문제가 발생했습니다 원인과 해결 방법,2026-05-12 18:58:58,error_solution,오류 해결형
office365,outlook 검색 문제가 발생하여 검색을 완료하지 못했습니다,google_suggest,problem_solving,95,low,low,2026-05-12,문제 해결형 검색어라 방문 의도가 강합니다.,95,outlook 검색 문제가 발생하여 검색을 완료하지 못했습니다 자주 생기는 이유와 점검 순서,2026-05-12 18:58:58,error_solution,오류 해결형
office365,outlook 동기화 문제 충돌 폴더,google_suggest,problem_solving,95,low,low,2026-05-12,문제 해결형 검색어라 방문 의도가 강합니다.,95,outlook 동기화 문제 충돌 폴더 문제를 줄이는 실무 처리 순서,2026-05-12 18:58:58,error_solution,오류 해결형
notion,노션 기본 템플릿 설정,google_suggest,how_to,90,medium,low,2026-05-12,사용 방법을 찾는 검색어라 단계별 설명 글로 만들기 좋습니다.,90,노션 기본 템플릿 설정 초보자도 이해하기 쉬운 설정과 활용,2026-05-12 18:58:58,feature_explanation,기능 설명형
notion,노션 기본 페이지 설정,google_suggest,how_to,90,medium,low,2026-05-12,사용 방법을 찾는 검색어라 단계별 설명 글로 만들기 좋습니다.,90,노션 기본 페이지 설정 기본 개념부터 적용 방법까지 정리,2026-05-12 18:58:58,feature_explanation,기능 설명형
notion,notion 기본 사용법,google_suggest,how_to,90,medium,low,2026-05-12,사용 방법을 찾는 검색어라 단계별 설명 글로 만들기 좋습니다.,90,notion 기본 사용법 처음 시작할 때 알아두면 좋은 사용법,2026-05-12 18:58:58,feature_explanation,기능 설명형
unreal,언리얼 UE5 멀티스레딩 디버깅 실무 팁,perplexity_questions,practical,90,low,low,2026-04-26,실무 활용 의도가 강해 경험형 콘텐츠로 확장하기 좋습니다.,90,언리얼 UE5 멀티스레딩 디버깅 실무 팁 실무에서 바로 쓰는 방법,2026-05-12 18:58:58,practical_usage,실무 활용형
unreal,언리얼 레벨 인스턴스 활용 시 주의점과 팁,perplexity_questions,practical,90,low,low,2026-04-26,실무 활용 의도가 강해 경험형 콘텐츠로 확장하기 좋습니다.,90,언리얼 레벨 인스턴스 활용 시 주의점과 팁 작업 흐름에 맞춰 정리한 활용법,2026-05-12 18:58:58,practical_usage,실무 활용형
unreal,언리얼 INPUT 창에서 계산기처럼 활용하는 법,perplexity_questions,practical,90,low,low,2026-04-26,실무 활용 의도가 강해 경험형 콘텐츠로 확장하기 좋습니다.,90,언리얼 INPUT 창에서 계산기처럼 활용하는 법 작업 흐름에 맞춰 정리한 활용법,2026-05-12 18:58:58,practical_usage,실무 활용형
office365,outlook classic new 차이,google_suggest,comparison,80,low,low,2026-05-12,비교 검색 의도가 있어 선택 기준을 설명하는 글로 적합합니다.,80,outlook classic new 차이 차이점과 선택 기준 정리,2026-05-12 18:58:58,comparison_analysis,비교/분석형
office365,outlook 회신 전체회신 차이,google_suggest,comparison,80,low,low,2026-05-12,비교 검색 의도가 있어 선택 기준을 설명하는 글로 적합합니다.,80,outlook 회신 전체회신 차이 차이를 이해하고 선택하는 방법,2026-05-12 18:58:58,comparison_analysis,비교/분석형
trello,트렐로 자동화 버튼 작동 안함,perplexity_questions,problem_solving,100,medium,low,2026-05-12,"기존 글은 수동 관리, 자동화 오류 해결 별도",100,트렐로 자동화 버튼 작동 안함 해결 전에 먼저 확인할 것,2026-05-12 19:26:25,error_solution,오류 해결형
office365,outlook word에 문제가 발생했습니다,google_suggest,problem_solving,95,low,low,2026-05-12,문제 해결형 검색어라 방문 의도가 강합니다.,95,outlook word에 문제가 발생했습니다 문제를 줄이는 실무 처리 순서,2026-05-12 19:26:25,error_solution,오류 해결형
office365,원드라이브 오류코드 0x8004de40,google_suggest,problem_solving,95,low,low,2026-05-12,문제 해결형 검색어라 방문 의도가 강합니다.,95,원드라이브 오류코드 0x8004de40 원인과 해결 방법,2026-05-12 19:26:25,error_solution,오류 해결형
office365,원드라이브 문제가 발생했습니다 나중에 다시 시도하세요,google_suggest,problem_solving,95,low,low,2026-05-12,문제 해결형 검색어라 방문 의도가 강합니다.,95,원드라이브 문제가 발생했습니다 나중에 다시 시도하세요 해결 전에 먼저 확인할 것,2026-05-12 19:26:25,error_solution,오류 해결형
figma,피그마 기본 폰트 설정,google_suggest,how_to,90,medium,low,2026-05-12,사용 방법을 찾는 검색어라 단계별 설명 글로 만들기 좋습니다.,90,피그마 기본 폰트 설정 기본 개념부터 적용 방법까지 정리,2026-05-12 19:26:25,feature_explanation,기능 설명형
figma,figma 기본 사용법,google_suggest,how_to,90,medium,low,2026-05-12,사용 방법을 찾는 검색어라 단계별 설명 글로 만들기 좋습니다.,90,figma 기본 사용법 기능과 사용 방법 쉽게 설명,2026-05-12 19:26:25,feature_explanation,기능 설명형
figma,figma 기본 폰트 설정,google_suggest,how_to,90,medium,low,2026-05-12,사용 방법을 찾는 검색어라 단계별 설명 글로 만들기 좋습니다.,90,figma 기본 폰트 설정 기본 개념부터 적용 방법까지 정리,2026-05-12 19:26:25,feature_explanation,기능 설명형
figma,피그마 프레임 정렬 및 배치 자동화,perplexity_questions,practical,90,low,low,2026-05-12,기본 레이아웃 설정 외 고급 배치 최적화,90,피그마 프레임 정렬 및 배치 자동화 실무에서 바로 쓰는 방법,2026-05-12 19:26:25,practical_usage,실무 활용형
unreal,언리얼 스플라인 메쉬로 메쉬 변형 실무 적용,perplexity_questions,practical,90,low,low,2026-04-26,실무 활용 의도가 강해 경험형 콘텐츠로 확장하기 좋습니다.,90,언리얼 스플라인 메쉬로 메쉬 변형 실무 적용 업무에 적용하는 단계별 방법,2026-05-12 19:26:25,practical_usage,실무 활용형
general_it,AWS EC2 인스턴스 비용 절감 실무 전략,perplexity_questions,practical,90,low,low,2026-04-26,실무 활용 의도가 강해 경험형 콘텐츠로 확장하기 좋습니다.,90,AWS EC2 인스턴스 비용 절감 실무 전략 실무에서 바로 쓰는 방법,2026-05-12 19:26:25,practical_usage,실무 활용형
office365,outlook pop imap 차이,google_suggest,comparison,80,low,low,2026-05-12,비교 검색 의도가 있어 선택 기준을 설명하는 글로 적합합니다.,80,outlook pop imap 차이 비교할 때 먼저 봐야 할 핵심,2026-05-12 19:26:25,comparison_analysis,비교/분석형
office365,outlook imap pop3 차이,google_suggest,comparison,80,low,low,2026-05-12,비교 검색 의도가 있어 선택 기준을 설명하는 글로 적합합니다.,80,outlook imap pop3 차이 비교할 때 먼저 봐야 할 핵심,2026-05-12 19:26:25,comparison_analysis,비교/분석형
office365,원드라이브 로그인하는 동안 문제가 발생했습니다,google_suggest,problem_solving,95,low,low,2026-05-12,문제 해결형 검색어라 방문 의도가 강합니다.,95,원드라이브 로그인하는 동안 문제가 발생했습니다 해결 전에 먼저 확인할 것,2026-05-12 19:34:56,error_solution,오류 해결형
office365,원드라이브 동기화 문제가 있습니다,google_suggest,problem_solving,95,low,low,2026-05-12,문제 해결형 검색어라 방문 의도가 강합니다.,95,원드라이브 동기화 문제가 있습니다 해결 전에 먼저 확인할 것,2026-05-12 19:34:56,error_solution,오류 해결형
office365,onedrive 오류코드 0x8004def4,google_suggest,problem_solving,95,low,low,2026-05-12,문제 해결형 검색어라 방문 의도가 강합니다.,95,onedrive 오류코드 0x8004def4 문제를 줄이는 실무 처리 순서,2026-05-12 19:34:56,error_solution,오류 해결형
office365,onedrive 오류코드 0x8004de44,google_suggest,problem_solving,95,low,low,2026-05-12,문제 해결형 검색어라 방문 의도가 강합니다.,95,onedrive 오류코드 0x8004de44 자주 생기는 이유와 점검 순서,2026-05-12 19:34:56,error_solution,오류 해결형
ppt,ppt 기본 도형 설정,google_suggest,how_to,90,medium,low,2026-04-28,사용 방법을 찾는 검색어라 단계별 설명 글로 만들기 좋습니다.,90,ppt 기본 도형 설정 기능과 사용 방법 쉽게 설명,2026-05-12 19:34:56,feature_explanation,기능 설명형
ppt,ppt 기본 글꼴 설정,google_suggest,how_to,90,medium,low,2026-04-26,사용 방법을 찾는 검색어라 단계별 설명 글로 만들기 좋습니다.,90,ppt 기본 글꼴 설정 기본 개념부터 적용 방법까지 정리,2026-05-12 19:34:56,feature_explanation,기능 설명형
ppt,ppt 기본 템플릿 설정,google_suggest,how_to,90,medium,low,2026-04-26,사용 방법을 찾는 검색어라 단계별 설명 글로 만들기 좋습니다.,90,ppt 기본 템플릿 설정 기능과 사용 방법 쉽게 설명,2026-05-12 19:34:56,feature_explanation,기능 설명형
excel,화면 보이는 셀만 복사 붙여넣기 실무 꿀팁,perplexity_questions,practical,90,low,low,2026-04-26,실무 활용 의도가 강해 경험형 콘텐츠로 확장하기 좋습니다.,90,화면 보이는 셀만 복사 붙여넣기 실무 꿀팁 업무에 적용하는 단계별 방법,2026-05-12 19:34:56,practical_usage,실무 활용형
excel,텍스트 함수 CONCATENATE TEXTJOIN 활용법,perplexity_questions,practical,90,low,low,2026-04-26,실무 활용 의도가 강해 경험형 콘텐츠로 확장하기 좋습니다.,90,텍스트 함수 CONCATENATE TEXTJOIN 활용법 업무에 적용하는 단계별 방법,2026-05-12 19:34:56,practical_usage,실무 활용형
excel,AVERAGE MAX MIN 함수 실무 통계 계산,perplexity_questions,practical,90,low,low,2026-04-26,실무 활용 의도가 강해 경험형 콘텐츠로 확장하기 좋습니다.,90,AVERAGE MAX MIN 함수 실무 통계 계산 작업 흐름에 맞춰 정리한 활용법,2026-05-12 19:34:56,practical_usage,실무 활용형
office365,원드라이브 구글드라이브 가격 비교,google_suggest,comparison,80,low,low,2026-05-12,비교 검색 의도가 있어 선택 기준을 설명하는 글로 적합합니다.,80,원드라이브 구글드라이브 가격 비교 차이를 이해하고 선택하는 방법,2026-05-12 19:34:56,comparison_analysis,비교/분석형
office365,원드라이브 구글드라이브 비교 디시,google_suggest,comparison,80,low,low,2026-05-12,비교 검색 의도가 있어 선택 기준을 설명하는 글로 적합합니다.,80,원드라이브 구글드라이브 비교 디시 차이점과 선택 기준 정리,2026-05-12 19:34:56,comparison_analysis,비교/분석형
office365,onedrive 오류코드 0x8004de40,google_suggest,problem_solving,95,low,low,2026-05-12,문제 해결형 검색어라 방문 의도가 강합니다.,95,onedrive 오류코드 0x8004de40 자주 생기는 이유와 점검 순서,2026-05-12 19:38:30,error_solution,오류 해결형
office365,onedrive 오류 코드 0x8004def7,google_suggest,problem_solving,95,low,low,2026-05-12,문제 해결형 검색어라 방문 의도가 강합니다.,95,onedrive 오류 코드 0x8004def7 문제를 줄이는 실무 처리 순서,2026-05-12 19:38:30,error_solution,오류 해결형
office365,onedrive 오류 코드 0x8004deed,google_suggest,problem_solving,95,low,low,2026-05-12,문제 해결형 검색어라 방문 의도가 강합니다.,95,onedrive 오류 코드 0x8004deed 원인과 해결 방법,2026-05-12 19:38:30,error_solution,오류 해결형
office365,onedrive 오류코드 0x8004de25,google_suggest,problem_solving,95,low,low,2026-05-12,문제 해결형 검색어라 방문 의도가 강합니다.,95,onedrive 오류코드 0x8004de25 문제를 줄이는 실무 처리 순서,2026-05-12 19:38:30,error_solution,오류 해결형
ppt,ppt 기본 폰트 설정,google_suggest,how_to,90,medium,low,2026-04-26,사용 방법을 찾는 검색어라 단계별 설명 글로 만들기 좋습니다.,90,ppt 기본 폰트 설정 기본 개념부터 적용 방법까지 정리,2026-05-12 19:38:30,feature_explanation,기능 설명형
word,word 기본 글꼴 설정,google_suggest,how_to,90,medium,low,2026-04-26,사용 방법을 찾는 검색어라 단계별 설명 글로 만들기 좋습니다.,90,word 기본 글꼴 설정 처음 시작할 때 알아두면 좋은 사용법,2026-05-12 19:38:30,feature_explanation,기능 설명형
word,word 기본 앱 설정,google_suggest,how_to,90,medium,low,2026-04-26,사용 방법을 찾는 검색어라 단계별 설명 글로 만들기 좋습니다.,90,word 기본 앱 설정 기본 개념부터 적용 방법까지 정리,2026-05-12 19:38:30,feature_explanation,기능 설명형
notion,노션 공식 템플릿 커스터마이징 실전 활용법,perplexity_questions,practical,90,low,low,2026-04-26,실무 활용 의도가 강해 경험형 콘텐츠로 확장하기 좋습니다.,90,노션 공식 템플릿 커스터마이징 실전 활용법 작업 흐름에 맞춰 정리한 활용법,2026-05-12 19:38:30,practical_usage,실무 활용형
word,워드에서 계약서 빠르게 만드는 실무 템플릿 활용법,perplexity_questions,practical,90,low,low,2026-04-26,실무 활용 의도가 강해 경험형 콘텐츠로 확장하기 좋습니다.,90,워드에서 계약서 빠르게 만드는 실무 템플릿 활용법 작업 흐름에 맞춰 정리한 활용법,2026-05-12 19:38:30,practical_usage,실무 활용형
word,워드 빠른 표 작성으로 실무 데이터 정리 팁,perplexity_questions,practical,90,low,low,2026-04-26,실무 활용 의도가 강해 경험형 콘텐츠로 확장하기 좋습니다.,90,워드 빠른 표 작성으로 실무 데이터 정리 팁 실무에서 바로 쓰는 방법,2026-05-12 19:38:30,practical_usage,실무 활용형
office365,dropbox onedrive 비교,google_suggest,comparison,80,low,low,2026-05-12,비교 검색 의도가 있어 선택 기준을 설명하는 글로 적합합니다.,80,dropbox onedrive 비교 차이를 이해하고 선택하는 방법,2026-05-12 19:38:30,comparison_analysis,비교/분석형
office365,onedrive google drive 비교,google_suggest,comparison,80,low,low,2026-05-12,비교 검색 의도가 있어 선택 기준을 설명하는 글로 적합합니다.,80,onedrive google drive 비교 비교할 때 먼저 봐야 할 핵심,2026-05-12 19:38:30,comparison_analysis,비교/분석형
figma,피그마 협업 중 충돌 해결 방법,perplexity_questions,problem_solving,100,medium,low,2026-05-12,기존 글 없음 - 실시간 협업 오류 처리,100,피그마 협업 중 충돌 해결 방법 문제를 줄이는 실무 처리 순서,2026-05-12 20:13:53,error_solution,오류 해결형
office365,onedrive 오류 코드 0x8004deef,google_suggest,problem_solving,95,low,low,2026-05-12,문제 해결형 검색어라 방문 의도가 강합니다.,95,onedrive 오류 코드 0x8004deef 해결 전에 먼저 확인할 것,2026-05-12 20:13:53,error_solution,오류 해결형
office365,onedrive 동기화 문제 해결,google_suggest,problem_solving,95,low,low,2026-05-12,문제 해결형 검색어라 방문 의도가 강합니다.,95,onedrive 동기화 문제 해결 자주 생기는 이유와 점검 순서,2026-05-12 20:13:53,error_solution,오류 해결형
office365,onedrive 문제 가 발생 했습니다,google_suggest,problem_solving,95,low,low,2026-05-12,문제 해결형 검색어라 방문 의도가 강합니다.,95,onedrive 문제 가 발생 했습니다 원인과 해결 방법,2026-05-12 20:13:53,error_solution,오류 해결형
python,파이썬 함수 기본부터 고급까지 정리,perplexity_questions,how_to,100,low,low,2026-05-12,"기존 글은 자료형 중심, 이는 함수 설계와 고급 패턴 중심",100,파이썬 함수 기본부터 고급까지 정리 처음 시작할 때 알아두면 좋은 사용법,2026-05-12 20:13:53,feature_explanation,기능 설명형
figma,피그마 플러그인 추천 및 설치 방법,perplexity_questions,how_to,95,low,low,2026-05-12,기존 글 없음 - 플러그인 추천 및 활용,95,피그마 플러그인 추천 및 설치 방법 처음 시작할 때 알아두면 좋은 사용법,2026-05-12 20:13:53,feature_explanation,기능 설명형
unreal,언리얼 LOD 설정 자동화,perplexity_questions,how_to,95,medium,low,2026-05-12,KPI 자동 비교와 무관한 LOD 최적화,95,언리얼 LOD 설정 자동화 기능과 사용 방법 쉽게 설명,2026-05-12 20:13:53,feature_explanation,기능 설명형
office365,오피스365 SORTBY 함수 활용,perplexity_questions,practical,90,low,low,2026-05-12,기존 자동화 글과 다른 정렬 특화 함수,90,오피스365 SORTBY 함수 활용 실무에서 바로 쓰는 방법,2026-05-12 20:13:53,practical_usage,실무 활용형
office365,오피스365 LET 함수 실전 활용,perplexity_questions,practical,90,low,low,2026-05-12,KPI 비교가 아닌 수식 구조 최적화,90,오피스365 LET 함수 실전 활용 업무에 적용하는 단계별 방법,2026-05-12 20:13:53,practical_usage,실무 활용형
python,파이썬 반복문 중단과 계속 활용법,perplexity_questions,practical,90,low,low,2026-05-12,"기존 List 글은 기본 활용만 다룸, 이는 제어 흐름 최적화 중심",90,파이썬 반복문 중단과 계속 활용법 작업 흐름에 맞춰 정리한 활용법,2026-05-12 20:13:53,practical_usage,실무 활용형
office365,Microsoft Teams 차이,naver_suggest,comparison,80,low,low,2026-05-12,비교 검색 의도가 있어 선택 기준을 설명하는 글로 적합합니다.,80,Microsoft Teams 차이 어떤 상황에서 무엇을 골라야 하는지 정리,2026-05-12 20:13:53,comparison_analysis,비교/분석형
office365,Microsoft Teams 비교,naver_suggest,comparison,80,low,low,2026-05-12,비교 검색 의도가 있어 선택 기준을 설명하는 글로 적합합니다.,80,Microsoft Teams 비교 어떤 상황에서 무엇을 골라야 하는지 정리,2026-05-12 20:13:53,comparison_analysis,비교/분석형
office365,onedrive 로그인하는 동안 문제가 발생했습니다,google_suggest,problem_solving,95,low,low,2026-05-12,문제 해결형 검색어라 방문 의도가 강합니다.,95,onedrive 로그인하는 동안 문제가 발생했습니다 자주 생기는 이유와 점검 순서,2026-05-12 20:31:41,error_solution,오류 해결형
office365,onedrive 에 동기화 문제 가 있습니다,google_suggest,problem_solving,95,low,low,2026-05-12,문제 해결형 검색어라 방문 의도가 강합니다.,95,onedrive 에 동기화 문제 가 있습니다 자주 생기는 이유와 점검 순서,2026-05-12 20:31:41,error_solution,오류 해결형
office365,onedrive 서버에 문제가 있습니다,google_suggest,problem_solving,95,low,low,2026-05-12,문제 해결형 검색어라 방문 의도가 강합니다.,95,onedrive 서버에 문제가 있습니다 원인과 해결 방법,2026-05-12 20:31:41,error_solution,오류 해결형
office365,팀즈 공유하는 중 문제가 발생했습니다,google_suggest,problem_solving,95,low,low,2026-05-12,문제 해결형 검색어라 방문 의도가 강합니다.,95,팀즈 공유하는 중 문제가 발생했습니다 해결 전에 먼저 확인할 것,2026-05-12 20:31:41,error_solution,오류 해결형
word,word 기본 폰트 설정,google_suggest,how_to,90,medium,low,2026-04-26,사용 방법을 찾는 검색어라 단계별 설명 글로 만들기 좋습니다.,90,word 기본 폰트 설정 처음 시작할 때 알아두면 좋은 사용법,2026-05-12 20:31:41,feature_explanation,기능 설명형
word,word 기본 프로그램 설정,google_suggest,how_to,90,medium,low,2026-04-26,사용 방법을 찾는 검색어라 단계별 설명 글로 만들기 좋습니다.,90,word 기본 프로그램 설정 기본 개념부터 적용 방법까지 정리,2026-05-12 20:31:41,feature_explanation,기능 설명형
unity,초보자 를 위한 유니티 입문 pdf,google_suggest,informational,85,low,low,2026-05-12,정보 탐색형 검색어라 기초 설명 글로 만들기 좋습니다.,85,초보자 를 위한 유니티 입문 pdf 처음 시작할 때 알아두면 좋은 사용법,2026-05-12 20:31:41,feature_explanation,기능 설명형
figma,피그마 SVG 내보내기 및 코드 활용,perplexity_questions,practical,90,low,low,2026-05-12,기존 글 없음 - 개발자 협업 기반 내보내기,90,피그마 SVG 내보내기 및 코드 활용 작업 흐름에 맞춰 정리한 활용법,2026-05-12 20:31:41,practical_usage,실무 활용형
figma,피그마 아트보드 정렬 및 정리 팁,perplexity_questions,practical,90,low,low,2026-05-12,기존 글 없음 - 파일 정보 구조 최적화,90,피그마 아트보드 정렬 및 정리 팁 실무에서 바로 쓰는 방법,2026-05-12 20:31:41,practical_usage,실무 활용형
figma,피그마 실시간 커서 추적 기능 활용,perplexity_questions,practical,90,low,low,2026-05-12,기존 글 없음 - 실시간 협업 기능 활용,90,피그마 실시간 커서 추적 기능 활용 업무에 적용하는 단계별 방법,2026-05-12 20:31:41,practical_usage,실무 활용형
notion,confluence notion 비교,google_suggest,comparison,80,low,low,2026-05-12,비교 검색 의도가 있어 선택 기준을 설명하는 글로 적합합니다.,80,confluence notion 비교 비교할 때 먼저 봐야 할 핵심,2026-05-12 20:31:41,comparison_analysis,비교/분석형
figma,figma frame section 차이,google_suggest,comparison,80,low,low,2026-05-12,비교 검색 의도가 있어 선택 기준을 설명하는 글로 적합합니다.,80,figma frame section 차이 비교할 때 먼저 봐야 할 핵심,2026-05-12 20:31:41,comparison_analysis,비교/분석형
office365,microsoft teams 오류,google_suggest,problem_solving,95,low,low,2026-05-12,문제 해결형 검색어라 방문 의도가 강합니다.,95,microsoft teams 오류 자주 생기는 이유와 점검 순서,2026-05-12 20:34:53,error_solution,오류 해결형
office365,microsoft teams 설치 오류,google_suggest,problem_solving,95,low,low,2026-05-12,문제 해결형 검색어라 방문 의도가 강합니다.,95,microsoft teams 설치 오류 문제를 줄이는 실무 처리 순서,2026-05-12 20:34:53,error_solution,오류 해결형
office365,microsoft teams 로그인 오류,google_suggest,problem_solving,95,low,low,2026-05-12,문제 해결형 검색어라 방문 의도가 강합니다.,95,microsoft teams 로그인 오류 자주 생기는 이유와 점검 순서,2026-05-12 20:34:53,error_solution,오류 해결형
office365,microsoft teams 실행 안됨,google_suggest,problem_solving,95,low,low,2026-05-12,문제 해결형 검색어라 방문 의도가 강합니다.,95,microsoft teams 실행 안됨 자주 생기는 이유와 점검 순서,2026-05-12 20:34:53,error_solution,오류 해결형
unity,unity version control 사용법,google_suggest,how_to,85,low,low,2026-05-12,사용 방법을 찾는 검색어라 단계별 설명 글로 만들기 좋습니다.,85,unity version control 사용법 기본 개념부터 적용 방법까지 정리,2026-05-12 20:34:53,feature_explanation,기능 설명형
unity,unity addressable 사용법,google_suggest,how_to,85,low,low,2026-05-12,사용 방법을 찾는 검색어라 단계별 설명 글로 만들기 좋습니다.,85,unity addressable 사용법 처음 시작할 때 알아두면 좋은 사용법,2026-05-12 20:34:53,feature_explanation,기능 설명형
unity,unity ml agent 사용법,google_suggest,how_to,85,low,low,2026-05-12,사용 방법을 찾는 검색어라 단계별 설명 글로 만들기 좋습니다.,85,unity ml agent 사용법 기본 개념부터 적용 방법까지 정리,2026-05-12 20:34:53,feature_explanation,기능 설명형
figma,피그마 디자인 토큰 추출 및 관리,perplexity_questions,practical,90,low,low,2026-05-12,기존 글 없음 - 디자인 토큰 워크플로우,90,피그마 디자인 토큰 추출 및 관리 반복 작업을 줄이는 실전 사용법,2026-05-12 20:34:53,practical_usage,실무 활용형
unreal,건축 설계와 자동차 시뮬레이션에 언리얼 엔진 활용하기,perplexity_questions,practical,90,low,low,2026-04-26,실무 활용 의도가 강해 경험형 콘텐츠로 확장하기 좋습니다.,90,건축 설계와 자동차 시뮬레이션에 언리얼 엔진 활용하기 업무에 적용하는 단계별 방법,2026-05-12 20:34:53,practical_usage,실무 활용형
general_it,노트북 과열 방지 실무 쿨링 팬 청소 가이드,perplexity_questions,practical,90,low,low,2026-04-26,실무 활용 의도가 강해 경험형 콘텐츠로 확장하기 좋습니다.,90,노트북 과열 방지 실무 쿨링 팬 청소 가이드 업무에 적용하는 단계별 방법,2026-05-12 20:34:53,practical_usage,실무 활용형
figma,figma style variable 차이,google_suggest,comparison,80,low,low,2026-05-12,비교 검색 의도가 있어 선택 기준을 설명하는 글로 적합합니다.,80,figma style variable 차이 차이점과 선택 기준 정리,2026-05-12 20:34:53,comparison_analysis,비교/분석형
jira,confluence jira 차이,google_suggest,comparison,80,low,low,2026-05-12,비교 검색 의도가 있어 선택 기준을 설명하는 글로 적합합니다.,80,confluence jira 차이 비교할 때 먼저 봐야 할 핵심,2026-05-12 20:34:53,comparison_analysis,비교/분석형
general_it,윈도우 저장소 오류 정리,perplexity_questions,problem_solving,100,medium,low,2026-05-12,"기존 글은 임시 파일이고, 본 주제는 전체 저장소 정리 및 최적화",100,윈도우 저장소 오류 정리 문제를 줄이는 실무 처리 순서,2026-05-12 21:07:04,error_solution,오류 해결형
trello,트렐로 팀 권한 설정 오류,perplexity_questions,problem_solving,100,medium,low,2026-05-12,"기존은 기본 초대 방법이고, 이는 권한 오류 진단 및 해결 중심",100,트렐로 팀 권한 설정 오류 해결 전에 먼저 확인할 것,2026-05-12 21:07:04,error_solution,오류 해결형
office365,Microsoft Teams 안됨,naver_suggest,problem_solving,95,low,low,2026-05-12,문제 해결형 검색어라 방문 의도가 강합니다.,95,Microsoft Teams 안됨 자주 생기는 이유와 점검 순서,2026-05-12 21:07:04,error_solution,오류 해결형
office365,Microsoft Teams 해결,naver_suggest,problem_solving,95,low,low,2026-05-12,문제 해결형 검색어라 방문 의도가 강합니다.,95,Microsoft Teams 해결 자주 생기는 이유와 점검 순서,2026-05-12 21:07:04,error_solution,오류 해결형
unity,unity face capture 사용법,google_suggest,how_to,85,low,low,2026-05-12,사용 방법을 찾는 검색어라 단계별 설명 글로 만들기 좋습니다.,85,unity face capture 사용법 기본 개념부터 적용 방법까지 정리,2026-05-12 21:07:04,feature_explanation,기능 설명형
unity,antigravity unity 설정,google_suggest,how_to,85,low,low,2026-05-12,사용 방법을 찾는 검색어라 단계별 설명 글로 만들기 좋습니다.,85,antigravity unity 설정 기본 개념부터 적용 방법까지 정리,2026-05-12 21:07:04,feature_explanation,기능 설명형
office365,오피스365 레지스트리 삭제 방법,google_suggest,how_to,85,low,low,2026-05-12,사용 방법을 찾는 검색어라 단계별 설명 글로 만들기 좋습니다.,85,오피스365 레지스트리 삭제 방법 기능과 사용 방법 쉽게 설명,2026-05-12 21:07:04,feature_explanation,기능 설명형
python,파이썬 openpyxl 엑셀 자동화,perplexity_questions,practical,90,low,low,2026-05-12,엑셀 수동 통합과 다른 프로그래밍 자동화,90,파이썬 openpyxl 엑셀 자동화 업무에 적용하는 단계별 방법,2026-05-12 21:07:04,practical_usage,실무 활용형
general_it,핸드폰 관리 초보,naver_suggest,practical,85,medium,low,2026-05-12,실무 활용 의도가 강해 경험형 콘텐츠로 확장하기 좋습니다.,85,핸드폰 관리 초보 반복 작업을 줄이는 실전 사용법,2026-05-12 21:07:04,practical_usage,실무 활용형
unity,유니티 하이어라키 정리,google_suggest,practical,80,medium,low,2026-05-12,실무 활용 의도가 강해 경험형 콘텐츠로 확장하기 좋습니다.,80,유니티 하이어라키 정리 반복 작업을 줄이는 실전 사용법,2026-05-12 21:07:04,practical_usage,실무 활용형
trello,트렐로 vs 아사나 vs 노션 업무 도구 비교,perplexity_questions,comparison,100,low,low,2026-05-12,"기존은 트렐로 단독 기능이고, 이는 도구 간 비교 분석 중심",100,트렐로 vs 아사나 vs 노션 업무 도구 비교 차이를 이해하고 선택하는 방법,2026-05-12 21:07:04,comparison_analysis,비교/분석형
jira,jira story task 차이,google_suggest,comparison,80,low,low,2026-05-12,비교 검색 의도가 있어 선택 기준을 설명하는 글로 적합합니다.,80,jira story task 차이 차이점과 선택 기준 정리,2026-05-12 21:07:04,comparison_analysis,비교/분석형
office365,원노트 오류가 발생하여 요청한 작업을 완료할 수 없습니다,google_suggest,problem_solving,95,low,low,2026-05-12,문제 해결형 검색어라 방문 의도가 강합니다.,95,원노트 오류가 발생하여 요청한 작업을 완료할 수 없습니다 원인과 해결 방법,2026-05-12 21:10:43,error_solution,오류 해결형
office365,microsoft teams 문제가 발생했습니다,google_suggest,problem_solving,95,low,low,2026-05-12,문제 해결형 검색어라 방문 의도가 강합니다.,95,microsoft teams 문제가 발생했습니다 문제를 줄이는 실무 처리 순서,2026-05-12 21:10:43,error_solution,오류 해결형
office365,Microsoft Teams 문제,naver_suggest,problem_solving,95,low,low,2026-05-12,문제 해결형 검색어라 방문 의도가 강합니다.,95,Microsoft Teams 문제 자주 생기는 이유와 점검 순서,2026-05-12 21:10:43,error_solution,오류 해결형
office365,원노트 동기화하는데 문제가 있습니다,google_suggest,problem_solving,95,low,low,2026-05-12,문제 해결형 검색어라 방문 의도가 강합니다.,95,원노트 동기화하는데 문제가 있습니다 문제를 줄이는 실무 처리 순서,2026-05-12 21:10:43,error_solution,오류 해결형
office365,microsoft 365 기본버전,google_suggest,how_to,85,low,low,2026-05-12,사용 방법을 찾는 검색어라 단계별 설명 글로 만들기 좋습니다.,85,microsoft 365 기본버전 기본 개념부터 적용 방법까지 정리,2026-05-12 21:10:43,feature_explanation,기능 설명형
office365,microsoft 365 copilot 사용법,google_suggest,how_to,85,low,low,2026-05-12,사용 방법을 찾는 검색어라 단계별 설명 글로 만들기 좋습니다.,85,microsoft 365 copilot 사용법 처음 시작할 때 알아두면 좋은 사용법,2026-05-12 21:10:43,feature_explanation,기능 설명형
office365,microsoft 365 family 사용법,google_suggest,how_to,85,low,low,2026-05-12,사용 방법을 찾는 검색어라 단계별 설명 글로 만들기 좋습니다.,85,microsoft 365 family 사용법 기본 개념부터 적용 방법까지 정리,2026-05-12 21:10:43,feature_explanation,기능 설명형
unity,유니티 안쓰는 에셋 정리,google_suggest,practical,80,medium,low,2026-05-12,실무 활용 의도가 강해 경험형 콘텐츠로 확장하기 좋습니다.,80,유니티 안쓰는 에셋 정리 업무에 적용하는 단계별 방법,2026-05-12 21:10:43,practical_usage,실무 활용형
unity,유니티 에셋 폴더 정리,google_suggest,practical,80,medium,low,2026-05-12,실무 활용 의도가 강해 경험형 콘텐츠로 확장하기 좋습니다.,80,유니티 에셋 폴더 정리 업무에 적용하는 단계별 방법,2026-05-12 21:10:43,practical_usage,실무 활용형
unity,unity 빌드 자동화,google_suggest,practical,80,medium,low,2026-05-12,실무 활용 의도가 강해 경험형 콘텐츠로 확장하기 좋습니다.,80,unity 빌드 자동화 실무에서 바로 쓰는 방법,2026-05-12 21:10:43,practical_usage,실무 활용형
jira,jira scrum kanban 차이,google_suggest,comparison,80,low,low,2026-05-12,비교 검색 의도가 있어 선택 기준을 설명하는 글로 적합합니다.,80,jira scrum kanban 차이 비교할 때 먼저 봐야 할 핵심,2026-05-12 21:10:43,comparison_analysis,비교/분석형
jira,jira resolved closed 차이,google_suggest,comparison,80,low,low,2026-05-12,비교 검색 의도가 있어 선택 기준을 설명하는 글로 적합합니다.,80,jira resolved closed 차이 비교할 때 먼저 봐야 할 핵심,2026-05-12 21:10:43,comparison_analysis,비교/분석형
office365,onenote 오류가 발생하여 요청한 작업을 완료할 수 없습니다,google_suggest,problem_solving,95,low,low,2026-05-12,문제 해결형 검색어라 방문 의도가 강합니다.,95,onenote 오류가 발생하여 요청한 작업을 완료할 수 없습니다 원인과 해결 방법,2026-05-12 21:13:58,error_solution,오류 해결형
office365,onenote 오프라인으로 저장됨 오류,google_suggest,problem_solving,95,low,low,2026-05-12,문제 해결형 검색어라 방문 의도가 강합니다.,95,onenote 오프라인으로 저장됨 오류 해결 전에 먼저 확인할 것,2026-05-12 21:13:58,error_solution,오류 해결형
blender,블렌더 get extensions 오류,google_suggest,problem_solving,95,low,low,2026-05-12,문제 해결형 검색어라 방문 의도가 강합니다.,95,블렌더 get extensions 오류 해결 전에 먼저 확인할 것,2026-05-12 21:13:58,error_solution,오류 해결형
blender,블렌더 subdivision surface 오류,google_suggest,problem_solving,95,low,low,2026-05-12,문제 해결형 검색어라 방문 의도가 강합니다.,95,블렌더 subdivision surface 오류 원인과 해결 방법,2026-05-12 21:13:58,error_solution,오류 해결형
office365,microsoft 365 copilot 설정 중입니다,google_suggest,how_to,85,low,low,2026-05-12,사용 방법을 찾는 검색어라 단계별 설명 글로 만들기 좋습니다.,85,microsoft 365 copilot 설정 중입니다 처음 시작할 때 알아두면 좋은 사용법,2026-05-12 21:13:58,feature_explanation,기능 설명형
office365,microsoft 365 family 공유 방법,google_suggest,how_to,85,low,low,2026-05-12,사용 방법을 찾는 검색어라 단계별 설명 글로 만들기 좋습니다.,85,microsoft 365 family 공유 방법 처음 시작할 때 알아두면 좋은 사용법,2026-05-12 21:13:58,feature_explanation,기능 설명형
office365,microsoft 365 삭제 방법,google_suggest,how_to,85,low,low,2026-05-12,사용 방법을 찾는 검색어라 단계별 설명 글로 만들기 좋습니다.,85,microsoft 365 삭제 방법 처음 시작할 때 알아두면 좋은 사용법,2026-05-12 21:13:58,feature_explanation,기능 설명형
unity,unity mcp 활용,google_suggest,practical,80,medium,low,2026-05-12,실무 활용 의도가 강해 경험형 콘텐츠로 확장하기 좋습니다.,80,unity mcp 활용 실무에서 바로 쓰는 방법,2026-05-12 21:13:58,practical_usage,실무 활용형
unity,Unity Editor 자동화,naver_suggest,practical,80,medium,low,2026-05-12,실무 활용 의도가 강해 경험형 콘텐츠로 확장하기 좋습니다.,80,Unity Editor 자동화 업무에 적용하는 단계별 방법,2026-05-12 21:13:58,practical_usage,실무 활용형
unity,Unity Editor 실무,naver_suggest,practical,80,medium,low,2026-05-12,실무 활용 의도가 강해 경험형 콘텐츠로 확장하기 좋습니다.,80,Unity Editor 실무 반복 작업을 줄이는 실전 사용법,2026-05-12 21:13:58,practical_usage,실무 활용형
python,ironpython python 차이,google_suggest,comparison,80,low,low,2026-05-12,비교 검색 의도가 있어 선택 기준을 설명하는 글로 적합합니다.,80,ironpython python 차이 어떤 상황에서 무엇을 골라야 하는지 정리,2026-05-12 21:13:58,comparison_analysis,비교/분석형
python,파이썬 Dictionary 키 존재 여부 확인 get vs in 비교,perplexity_questions,comparison,80,low,low,2026-05-12,기존 글에 없는 딕셔너리 안전 접근법 신규 추가,80,파이썬 Dictionary 키 존재 여부 확인 get vs in 비교 차이를 이해하고 선택하는 방법,2026-05-12 21:13:58,comparison_analysis,비교/분석형
notion,노션 협업 시 충돌 해결 및 버전 관리,perplexity_questions,problem_solving,100,low,low,2026-05-13,기존 글은 기본 공유만 다루고 실시간 협업 충돌 해결 미포함,100,노션 협업 시 충돌 해결 및 버전 관리 원인과 해결 방법,2026-05-13 02:24:11,error_solution,오류 해결형
jira,지라 라벨 관리 삭제 안됨,perplexity_questions,problem_solving,100,medium,low,2026-05-13,클로드 질문 구조나 Windows SFC와 다른 지라 태그 관리,100,지라 라벨 관리 삭제 안됨 자주 생기는 이유와 점검 순서,2026-05-13 02:24:11,error_solution,오류 해결형
unity,유니티 프리팹 인스턴스 동기화 문제,perplexity_questions,problem_solving,95,low,low,2026-05-13,"기존 글은 기본 기능 소개이고, 이는 동기화 오류 해결",95,유니티 프리팹 인스턴스 동기화 문제 해결 전에 먼저 확인할 것,2026-05-13 02:24:11,error_solution,오류 해결형
unity,유니티 애니메이션 상태 전이 오류,perplexity_questions,problem_solving,95,low,low,2026-05-13,"기존 글은 팁이고, 이는 애니메이션 상태 머신 디버깅",95,유니티 애니메이션 상태 전이 오류 해결 전에 먼저 확인할 것,2026-05-13 02:24:11,error_solution,오류 해결형
python,파이썬 함수 매개변수 기본값 설정,perplexity_questions,how_to,100,low,low,2026-05-13,기존 기본 문법과 달리 함수 설계의 유연성과 효율성 극대화,100,파이썬 함수 매개변수 기본값 설정 기본 개념부터 적용 방법까지 정리,2026-05-13 02:24:11,feature_explanation,기능 설명형
notion,노션 페이지 공유 권한 설정 가이드,perplexity_questions,how_to,85,low,low,2026-05-13,기존 글은 기본 공유만 다루고 세밀한 권한 관리 전략 미포함,85,노션 페이지 공유 권한 설정 가이드 기능과 사용 방법 쉽게 설명,2026-05-13 02:24:11,feature_explanation,기능 설명형
office365,microsoft 365 설치 방법,google_suggest,how_to,85,low,low,2026-05-12,사용 방법을 찾는 검색어라 단계별 설명 글로 만들기 좋습니다.,85,microsoft 365 설치 방법 초보자도 이해하기 쉬운 설정과 활용,2026-05-13 02:24:11,feature_explanation,기능 설명형
python,파이썬 딕셔너리 key value 실무 활용,perplexity_questions,practical,90,low,low,2026-05-13,기존 리스트 기본 문법과 달리 복잡한 데이터 구조 관리에 최적화된 내용,90,파이썬 딕셔너리 key value 실무 활용 실무에서 바로 쓰는 방법,2026-05-13 02:24:11,practical_usage,실무 활용형
python,파이썬 import 라이브러리 관리,perplexity_questions,practical,90,low,low,2026-05-13,기존 파이썬 기본 문법과 달리 프로젝트 환경 설정에 초점,90,파이썬 import 라이브러리 관리 작업 흐름에 맞춰 정리한 활용법,2026-05-13 02:24:11,practical_usage,실무 활용형
notion,노션 모바일 앱 오프라인 모드 활용,perplexity_questions,practical,90,low,low,2026-05-13,기존 글은 모바일이 보조 도구임만 언급하고 오프라인 활용법 미제시,90,노션 모바일 앱 오프라인 모드 활용 실무에서 바로 쓰는 방법,2026-05-13 02:24:11,practical_usage,실무 활용형
figma,피그마 모바일 앱 vs 웹 버전 기능 차이,perplexity_questions,comparison,80,low,low,2026-05-13,"기존 글은 데스크톱 중심 설계 방식 중심, 본 주제는 다중 기기 환경의 전략적 활용",80,피그마 모바일 앱 vs 웹 버전 기능 차이 차이를 이해하고 선택하는 방법,2026-05-13 02:24:11,comparison_analysis,비교/분석형
figma,피그마 브라우저 vs 데스크톱 차이,perplexity_questions,comparison,80,low,low,2026-05-12,기존 글 중 비교 주제 없고 피그마 플랫폼 특화,80,피그마 브라우저 vs 데스크톱 차이 차이를 이해하고 선택하는 방법,2026-05-13 02:24:11,comparison_analysis,비교/분석형
unity,유니티 메모리 누수 추적 및 해결,perplexity_questions,problem_solving,95,low,low,2026-05-13,"기존 글은 팁이고, 이는 실제 메모리 누수 진단 방법",95,유니티 메모리 누수 추적 및 해결 자주 생기는 이유와 점검 순서,2026-05-13 02:35:46,error_solution,오류 해결형
general_it,윈도우 프린터 오류 0x00000709,perplexity_questions,problem_solving,95,low,low,2026-05-13,네트워크/성능 문제 아닌 프린터 드라이버 설정 오류,95,윈도우 프린터 오류 0x00000709 문제를 줄이는 실무 처리 순서,2026-05-13 02:35:46,error_solution,오류 해결형
figma,피그마 자동 레이아웃 반응형 문제,perplexity_questions,problem_solving,95,low,low,2026-05-13,"기존 글은 웹사이트 레이아웃 아이디어 중심, 본 주제는 자동 레이아웃 기능의 실전 트러블슈팅",95,피그마 자동 레이아웃 반응형 문제 문제를 줄이는 실무 처리 순서,2026-05-13 02:35:46,error_solution,오류 해결형
figma,피그마 프로토타입 상호작용 작동 안됨,perplexity_questions,problem_solving,95,low,low,2026-05-13,"기존 글은 기본 레이아웃 설계 중심, 본 주제는 프로토타입 상호작용의 디버깅",95,피그마 프로토타입 상호작용 작동 안됨 문제를 줄이는 실무 처리 순서,2026-05-13 02:35:46,error_solution,오류 해결형
office365,microsoft 365 사용 방법,google_suggest,how_to,85,low,low,2026-05-12,사용 방법을 찾는 검색어라 단계별 설명 글로 만들기 좋습니다.,85,microsoft 365 사용 방법 초보자도 이해하기 쉬운 설정과 활용,2026-05-13 02:35:46,feature_explanation,기능 설명형
office365,microsoft 365 copilot 삭제 방법,google_suggest,how_to,85,low,low,2026-05-12,사용 방법을 찾는 검색어라 단계별 설명 글로 만들기 좋습니다.,85,microsoft 365 copilot 삭제 방법 기능과 사용 방법 쉽게 설명,2026-05-13 02:35:46,feature_explanation,기능 설명형
office365,microsoft 365 copilot 사용 방법,google_suggest,how_to,85,low,low,2026-05-12,사용 방법을 찾는 검색어라 단계별 설명 글로 만들기 좋습니다.,85,microsoft 365 copilot 사용 방법 처음 시작할 때 알아두면 좋은 사용법,2026-05-13 02:35:46,feature_explanation,기능 설명형
figma,피그마 디자인 시스템 문서화 자동화,perplexity_questions,practical,90,low,low,2026-05-13,"기존 글은 문서 제작 프로세스 중심, 본 주제는 디자인 시스템의 지속적 관리와 배포",90,피그마 디자인 시스템 문서화 자동화 반복 작업을 줄이는 실전 사용법,2026-05-13 02:35:46,practical_usage,실무 활용형
unreal,언리얼 콘솔레 명령어 정리,perplexity_questions,practical,80,medium,low,2026-05-13,Claude 질문 전략과 다른 언리얼 디버깅 도구,80,언리얼 콘솔레 명령어 정리 작업 흐름에 맞춰 정리한 활용법,2026-05-13 02:35:46,practical_usage,실무 활용형
notion,노션 필터와 정렬로 일정 관리,perplexity_questions,practical,80,medium,low,2026-05-13,기존 글은 테이블/리스트 개념만 설명하고 동적 필터링 전략 미포함,80,노션 필터와 정렬로 일정 관리 업무에 적용하는 단계별 방법,2026-05-13 02:35:46,practical_usage,실무 활용형
jira,지라 클라우드 vs 서버 버전 비교 및 선택,perplexity_questions,comparison,80,low,low,2026-05-12,기존 글은 지라 기능만 설명하고 버전별 비교 및 선택 가이드는 미포함,80,지라 클라우드 vs 서버 버전 비교 및 선택 차이를 이해하고 선택하는 방법,2026-05-13 02:35:46,comparison_analysis,비교/분석형
python,파이썬 for 루프 vs while 루프 언제 써야 하나,perplexity_questions,comparison,80,low,low,2026-05-12,"기존 List 글은 기본 활용만 다룸, 이는 루프 비교 및 선택 기준 중심",80,파이썬 for 루프 vs while 루프 언제 써야 하나 차이점과 선택 기준 정리,2026-05-13 02:35:46,comparison_analysis,비교/분석형
office365,오피스365 아웃룩 자동응답 설정 안됨,perplexity_questions,problem_solving,100,low,low,2026-05-13,엑셀 데이터 비교 아닌 메일 자동화 설정,100,오피스365 아웃룩 자동응답 설정 안됨 해결 전에 먼저 확인할 것,2026-05-13 02:59:06,error_solution,오류 해결형
office365,오피스365 아웃룩 메일 동기화 안됨,perplexity_questions,problem_solving,95,low,low,2026-05-13,엑셀 기능과 무관한 아웃룩 동기화 문제,95,오피스365 아웃룩 메일 동기화 안됨 문제를 줄이는 실무 처리 순서,2026-05-13 02:59:06,error_solution,오류 해결형
office365,오피스365 원노트 페이지 검색 안됨,perplexity_questions,problem_solving,95,low,low,2026-05-13,엑셀 데이터 통합과 다른 노트 검색 기능,95,오피스365 원노트 페이지 검색 안됨 원인과 해결 방법,2026-05-13 02:59:06,error_solution,오류 해결형
office365,오피스365 원드 이미지 삽입 안됨,perplexity_questions,problem_solving,95,low,low,2026-05-13,엑셀 데이터 처리 아닌 원드 미디어 오류,95,오피스365 원드 이미지 삽입 안됨 원인과 해결 방법,2026-05-13 02:59:06,error_solution,오류 해결형
office365,microsoft 365결제방법 변경,google_suggest,how_to,85,low,low,2026-05-12,사용 방법을 찾는 검색어라 단계별 설명 글로 만들기 좋습니다.,85,microsoft 365결제방법 변경 기능과 사용 방법 쉽게 설명,2026-05-13 02:59:06,feature_explanation,기능 설명형
office365,microsoft 365 결제방법,google_suggest,how_to,85,low,low,2026-05-12,사용 방법을 찾는 검색어라 단계별 설명 글로 만들기 좋습니다.,85,microsoft 365 결제방법 초보자도 이해하기 쉬운 설정과 활용,2026-05-13 02:59:06,feature_explanation,기능 설명형
office365,microsoft 365 로그인 방법,google_suggest,how_to,85,low,low,2026-05-12,사용 방법을 찾는 검색어라 단계별 설명 글로 만들기 좋습니다.,85,microsoft 365 로그인 방법 초보자도 이해하기 쉬운 설정과 활용,2026-05-13 02:59:06,feature_explanation,기능 설명형
python,파이썬 문자열 split join 실무 활용,perplexity_questions,practical,90,low,low,2026-05-13,"기존 파일 읽기 글은 I/O 중심, 이는 읽은 후 텍스트 처리 중심",90,파이썬 문자열 split join 실무 활용 작업 흐름에 맞춰 정리한 활용법,2026-05-13 02:59:06,practical_usage,실무 활용형
python,파이썬 range 함수 step 활용 패턴,perplexity_questions,practical,90,low,low,2026-05-13,"기존 for 루프 글은 기본 순회만 다룬 반면, 이는 range 고급 활용",90,파이썬 range 함수 step 활용 패턴 작업 흐름에 맞춰 정리한 활용법,2026-05-13 02:59:06,practical_usage,실무 활용형
notion,노션 공식 API로 자동화 구현,perplexity_questions,practical,80,medium,low,2026-05-13,기존 글은 UI 기반 기본 사용만 설명하고 API/자동화 미포함,80,노션 공식 API로 자동화 구현 업무에 적용하는 단계별 방법,2026-05-13 02:59:06,practical_usage,실무 활용형
python,파이썬 list comprehension vs for 루프 성능 비교,perplexity_questions,comparison,80,low,low,2026-05-13,"기존 리스트 글은 기본 문법, 이는 성능 최적화 비교 분석",80,파이썬 list comprehension vs for 루프 성능 비교 어떤 상황에서 무엇을 골라야 하는지 정리,2026-05-13 02:59:06,comparison_analysis,비교/분석형
python,파이썬 람다 함수 vs def 정의 함수 언제 쓸까,perplexity_questions,comparison,80,low,low,2026-05-13,"기존 함수 글은 기본 정의만 다룬 반면, 이는 함수형 프로그래밍 기법",80,파이썬 람다 함수 vs def 정의 함수 언제 쓸까 차이를 이해하고 선택하는 방법,2026-05-13 02:59:06,comparison_analysis,비교/분석형
office365,오피스365 팀즈 채팅 파일 첨부 안됨,perplexity_questions,problem_solving,95,low,low,2026-05-13,엑셀 자동화와 다른 팀즈 파일 공유 문제,95,오피스365 팀즈 채팅 파일 첨부 안됨 자주 생기는 이유와 점검 순서,2026-05-13 03:03:43,error_solution,오류 해결형
office365,오피스365 원드 댓글 동기화 안됨,perplexity_questions,problem_solving,95,low,low,2026-05-13,엑셀 함수 사용과 다른 원드 협업 기능,95,오피스365 원드 댓글 동기화 안됨 원인과 해결 방법,2026-05-13 03:03:43,error_solution,오류 해결형
python,파이썬 try except 오류 처리 패턴,perplexity_questions,problem_solving,95,low,low,2026-05-13,"기존 글은 정상 케이스만 다룬 반면, 이는 오류 상황 중심 처리",95,파이썬 try except 오류 처리 패턴 해결 전에 먼저 확인할 것,2026-05-13 03:03:43,error_solution,오류 해결형
python,파이썬 import 모듈 경로 오류 해결,perplexity_questions,problem_solving,95,low,low,2026-05-13,"기존 글은 파일 I/O만 다룬 반면, 이는 모듈 구조와 import 시스템 중심",95,파이썬 import 모듈 경로 오류 해결 문제를 줄이는 실무 처리 순서,2026-05-13 03:03:43,error_solution,오류 해결형
office365,엑셀 초보자가 알아야 할 10가지,google_suggest,informational,85,low,low,2026-05-12,정보 탐색형 검색어라 기초 설명 글로 만들기 좋습니다.,85,엑셀 초보자가 알아야 할 10가지 기본 개념부터 적용 방법까지 정리,2026-05-13 03:03:43,feature_explanation,기능 설명형
office365,엑셀 초보자가 꼭 알아야 할 10가지,google_suggest,informational,85,low,low,2026-05-12,정보 탐색형 검색어라 기초 설명 글로 만들기 좋습니다.,85,엑셀 초보자가 꼭 알아야 할 10가지 초보자도 이해하기 쉬운 설정과 활용,2026-05-13 03:03:43,feature_explanation,기능 설명형
office365,엑셀 기본적으로 컴퓨터에 저장 비활성화,google_suggest,how_to,85,low,low,2026-05-12,사용 방법을 찾는 검색어라 단계별 설명 글로 만들기 좋습니다.,85,엑셀 기본적으로 컴퓨터에 저장 비활성화 기능과 사용 방법 쉽게 설명,2026-05-13 03:03:43,feature_explanation,기능 설명형
figma,피그마 피드백 코멘트 관리 체계,perplexity_questions,practical,80,medium,low,2026-05-13,"기존 글은 일반 협업 프로세스 중심, 본 주제는 리뷰 피드백의 효율적 추적 시스템",80,피그마 피드백 코멘트 관리 체계 작업 흐름에 맞춰 정리한 활용법,2026-05-13 03:03:43,practical_usage,실무 활용형
jira,지라 라벨 자동화 규칙,perplexity_questions,practical,80,medium,low,2026-05-13,기존 엑셀 시트 통합과 다른 지라 자동화 규칙,80,지라 라벨 자동화 규칙 실무에서 바로 쓰는 방법,2026-05-13 03:03:43,practical_usage,실무 활용형
unity,Unity Editor 정리,naver_suggest,practical,80,medium,low,2026-05-12,실무 활용 의도가 강해 경험형 콘텐츠로 확장하기 좋습니다.,80,Unity Editor 정리 업무에 적용하는 단계별 방법,2026-05-13 03:03:43,practical_usage,실무 활용형
python,파이썬 print 디버깅 vs logging 모듈 선택 기준,perplexity_questions,comparison,80,low,low,2026-05-13,"기존 파일 I/O는 데이터 저장만 다룬 반면, 이는 체계적 로깅 시스템 중심",80,파이썬 print 디버깅 vs logging 모듈 선택 기준 어떤 상황에서 무엇을 골라야 하는지 정리,2026-05-13 03:03:43,comparison_analysis,비교/분석형
python,파이썬 리스트 컴프리헨션 vs 일반 반복문 성능 비교,perplexity_questions,comparison,80,low,low,2026-05-12,"기존 List 글은 기본 추가/삭제만 다룸, 이는 컴프리헨션 최적화 중심",80,파이썬 리스트 컴프리헨션 vs 일반 반복문 성능 비교 비교할 때 먼저 봐야 할 핵심,2026-05-13 03:03:43,comparison_analysis,비교/분석형
figma,피그마 Dev 모드 코드 복사 안됨,perplexity_questions,problem_solving,95,low,low,2026-05-13,플러그인 퍼블리싱과 다른 네이티브 Dev 모드 이슈,95,피그마 Dev 모드 코드 복사 안됨 원인과 해결 방법,2026-05-13 03:12:05,error_solution,오류 해결형
python,python pip install 오류,google_suggest,problem_solving,95,low,low,2026-05-12,문제 해결형 검색어라 방문 의도가 강합니다.,95,python pip install 오류 문제를 줄이는 실무 처리 순서,2026-05-13 03:12:05,error_solution,오류 해결형
python,python venv venv 안됨,google_suggest,problem_solving,95,low,low,2026-05-12,문제 해결형 검색어라 방문 의도가 강합니다.,95,python venv venv 안됨 문제를 줄이는 실무 처리 순서,2026-05-13 03:12:05,error_solution,오류 해결형
python,python permission denied 해결,google_suggest,problem_solving,95,low,low,2026-05-12,문제 해결형 검색어라 방문 의도가 강합니다.,95,python permission denied 해결 문제를 줄이는 실무 처리 순서,2026-05-13 03:12:05,error_solution,오류 해결형
office365,chatgpt for excel 사용법,google_suggest,how_to,85,low,low,2026-05-12,사용 방법을 찾는 검색어라 단계별 설명 글로 만들기 좋습니다.,85,chatgpt for excel 사용법 기본 개념부터 적용 방법까지 정리,2026-05-13 03:12:05,feature_explanation,기능 설명형
office365,claude in excel 사용법,google_suggest,how_to,85,low,low,2026-05-12,사용 방법을 찾는 검색어라 단계별 설명 글로 만들기 좋습니다.,85,claude in excel 사용법 기능과 사용 방법 쉽게 설명,2026-05-13 03:12:05,feature_explanation,기능 설명형
office365,excel 기본적으로 컴퓨터에 저장,google_suggest,how_to,85,low,low,2026-05-12,사용 방법을 찾는 검색어라 단계별 설명 글로 만들기 좋습니다.,85,excel 기본적으로 컴퓨터에 저장 기본 개념부터 적용 방법까지 정리,2026-05-13 03:12:05,feature_explanation,기능 설명형
unity,Unity Editor 활용,naver_suggest,practical,80,medium,low,2026-05-12,실무 활용 의도가 강해 경험형 콘텐츠로 확장하기 좋습니다.,80,Unity Editor 활용 작업 흐름에 맞춰 정리한 활용법,2026-05-13 03:12:05,practical_usage,실무 활용형
office365,Microsoft 365 자동화,naver_suggest,practical,80,medium,low,2026-05-12,실무 활용 의도가 강해 경험형 콘텐츠로 확장하기 좋습니다.,80,Microsoft 365 자동화 반복 작업을 줄이는 실전 사용법,2026-05-13 03:12:05,practical_usage,실무 활용형
office365,Microsoft 365 실무,naver_suggest,practical,80,medium,low,2026-05-12,실무 활용 의도가 강해 경험형 콘텐츠로 확장하기 좋습니다.,80,Microsoft 365 실무 실무에서 바로 쓰는 방법,2026-05-13 03:12:05,practical_usage,실무 활용형
general_it,핸드폰 관리 차이,naver_suggest,comparison,80,medium,low,2026-05-12,비교 검색 의도가 있어 선택 기준을 설명하는 글로 적합합니다.,80,핸드폰 관리 차이 어떤 상황에서 무엇을 골라야 하는지 정리,2026-05-13 03:12:05,comparison_analysis,비교/분석형
general_it,핸드폰 관리 비교,naver_suggest,comparison,80,medium,low,2026-05-12,비교 검색 의도가 있어 선택 기준을 설명하는 글로 적합합니다.,80,핸드폰 관리 비교 어떤 상황에서 무엇을 골라야 하는지 정리,2026-05-13 03:12:05,comparison_analysis,비교/분석형
blender,블렌더 초보자 자주 하는 오류 5가지,perplexity_questions,problem_solving,100,low,low,2026-05-13,"기존 글들은 개별 기능 설명만 하고, 이 글은 초보자 자주 하는 오류 패턴 정리",100,블렌더 초보자 자주 하는 오류 5가지 자주 생기는 이유와 점검 순서,2026-05-13 13:36:19,error_solution,오류 해결형
trello,트렐로 알림 설정 안됨,perplexity_questions,problem_solving,100,medium,low,2026-05-13,알림 설정 오류로 기존 템플릿 사용과 다름,100,트렐로 알림 설정 안됨 원인과 해결 방법,2026-05-13 13:36:19,error_solution,오류 해결형
general_it,윈도우 업데이트 오류 코드 0x80070002,perplexity_questions,problem_solving,95,low,low,2026-05-13,"기존 글은 일반 작업관리자 접근 문제, 업데이트 오류 코드 미포함",95,윈도우 업데이트 오류 코드 0x80070002 문제를 줄이는 실무 처리 순서,2026-05-13 13:36:19,error_solution,오류 해결형
office365,오피스365 워드 협업 충돌 해결,perplexity_questions,problem_solving,95,low,low,2026-05-13,엑셀 피벗과 다른 워드 협업 충돌 관리,95,오피스365 워드 협업 충돌 해결 원인과 해결 방법,2026-05-13 13:36:19,error_solution,오류 해결형
blender,블렌더 파일 저장 시 용량 줄이는 방법,perplexity_questions,how_to,85,low,low,2026-05-13,기존 글에 없는 파일 최적화 실무 주제,85,블렌더 파일 저장 시 용량 줄이는 방법 초보자도 이해하기 쉬운 설정과 활용,2026-05-13 13:36:19,feature_explanation,기능 설명형
blender,블렌더 라이팅 세팅 초보자 가이드,perplexity_questions,informational,85,low,low,2026-05-13,"기존 강의는 일부 기술만 언급하고, 이 글은 라이팅 완전 입문 가이드",85,블렌더 라이팅 세팅 초보자 가이드 기능과 사용 방법 쉽게 설명,2026-05-13 13:36:19,feature_explanation,기능 설명형
office365,워드 활용방법,naver_suggest,how_to,85,medium,low,2026-05-13,사용 방법을 찾는 검색어라 단계별 설명 글로 만들기 좋습니다.,85,워드 활용방법 기본 개념부터 적용 방법까지 정리,2026-05-13 13:36:19,feature_explanation,기능 설명형
python,파이썬 logging 로그 파일 관리,perplexity_questions,practical,90,low,low,2026-05-13,파일 읽기와 달리 구조화된 로깅 시스템,90,파이썬 logging 로그 파일 관리 업무에 적용하는 단계별 방법,2026-05-13 13:36:19,practical_usage,실무 활용형
blender,블렌더 렌더링 메모리 캐시 관리,perplexity_questions,practical,80,medium,low,2026-05-13,"강의는 베이크 개념만 설명하고, 이 글은 캐시 관리 전략에 초점",80,블렌더 렌더링 메모리 캐시 관리 작업 흐름에 맞춰 정리한 활용법,2026-05-13 13:36:19,practical_usage,실무 활용형
jira,지라 상태 변경 자동화,perplexity_questions,practical,80,medium,low,2026-05-13,"기존 글은 '업무흐름 개념'인데, 이는 '업무흐름 자동화 설정'",80,지라 상태 변경 자동화 반복 작업을 줄이는 실전 사용법,2026-05-13 13:36:19,practical_usage,실무 활용형
blender,블렌더 모디파이어 로컬 vs 오브젝트 좌표 차이,perplexity_questions,comparison,80,low,low,2026-05-13,"강의는 기술 설명만 하고, 이 글은 두 좌표 설정의 실제 효과 비교",80,블렌더 모디파이어 로컬 vs 오브젝트 좌표 차이 차이점과 선택 기준 정리,2026-05-13 13:36:19,comparison_analysis,비교/분석형
blender,블렌더 렌더 엔진 Cycles vs Eevee 선택 기준,perplexity_questions,comparison,80,low,low,2026-05-13,기존 글에 없는 렌더 엔진 비교 가이드,80,블렌더 렌더 엔진 Cycles vs Eevee 선택 기준 차이점과 선택 기준 정리,2026-05-13 13:36:19,comparison_analysis,비교/분석형
office365,오피스365 OneNote 동기화 안됨,perplexity_questions,problem_solving,95,low,low,2026-05-13,엑셀 시트 관리와 다른 OneNote 동기화,95,오피스365 OneNote 동기화 안됨 자주 생기는 이유와 점검 순서,2026-05-13 13:50:12,error_solution,오류 해결형
office365,오피스365 공유 캘린더 동기화 오류,perplexity_questions,problem_solving,95,low,low,2026-05-13,엑셀 함수와 무관한 아웃룩 캘린더 관리,95,오피스365 공유 캘린더 동기화 오류 해결 전에 먼저 확인할 것,2026-05-13 13:50:12,error_solution,오류 해결형
office365,오피스365 엑셀 차트 업데이트 안됨,perplexity_questions,problem_solving,95,low,low,2026-05-13,부서 KPI 비교가 아닌 차트 갱신 오류 해결,95,오피스365 엑셀 차트 업데이트 안됨 자주 생기는 이유와 점검 순서,2026-05-13 13:50:12,error_solution,오류 해결형
office365,오피스365 문서 변환 PDF 오류,perplexity_questions,problem_solving,95,low,low,2026-05-13,엑셀 자동화와 다른 문서 변환 문제 해결,95,오피스365 문서 변환 PDF 오류 자주 생기는 이유와 점검 순서,2026-05-13 13:50:12,error_solution,오류 해결형
office365,excel 기본적으로 컴퓨터에 저장 비활성화,google_suggest,how_to,85,low,low,2026-05-12,사용 방법을 찾는 검색어라 단계별 설명 글로 만들기 좋습니다.,85,excel 기본적으로 컴퓨터에 저장 비활성화 기능과 사용 방법 쉽게 설명,2026-05-13 13:50:12,feature_explanation,기능 설명형
office365,powerpoint 다운로드 방법,google_suggest,how_to,85,low,low,2026-05-12,사용 방법을 찾는 검색어라 단계별 설명 글로 만들기 좋습니다.,85,powerpoint 다운로드 방법 초보자도 이해하기 쉬운 설정과 활용,2026-05-13 13:50:12,feature_explanation,기능 설명형
office365,powerpoint copilot 사용법,google_suggest,how_to,85,low,low,2026-05-12,사용 방법을 찾는 검색어라 단계별 설명 글로 만들기 좋습니다.,85,powerpoint copilot 사용법 기본 개념부터 적용 방법까지 정리,2026-05-13 13:50:12,feature_explanation,기능 설명형
office365,Microsoft 365 정리,naver_suggest,practical,80,medium,low,2026-05-12,실무 활용 의도가 강해 경험형 콘텐츠로 확장하기 좋습니다.,80,Microsoft 365 정리 반복 작업을 줄이는 실전 사용법,2026-05-13 13:50:12,practical_usage,실무 활용형
office365,Microsoft 365 활용,naver_suggest,practical,80,medium,low,2026-05-12,실무 활용 의도가 강해 경험형 콘텐츠로 확장하기 좋습니다.,80,Microsoft 365 활용 실무에서 바로 쓰는 방법,2026-05-13 13:50:12,practical_usage,실무 활용형
office365,엑셀 실무 책 추천,naver_suggest,practical,80,medium,low,2026-05-12,실무 활용 의도가 강해 경험형 콘텐츠로 확장하기 좋습니다.,80,엑셀 실무 책 추천 작업 흐름에 맞춰 정리한 활용법,2026-05-13 13:50:12,practical_usage,실무 활용형
office365,엑셀 활용 ai 비교,naver_suggest,comparison,80,medium,low,2026-05-12,비교 검색 의도가 있어 선택 기준을 설명하는 글로 적합합니다.,80,엑셀 활용 ai 비교 차이를 이해하고 선택하는 방법,2026-05-13 13:50:12,comparison_analysis,비교/분석형
general_it,스마트폰 설정 차이,naver_suggest,comparison,75,medium,low,2026-05-12,비교 검색 의도가 있어 선택 기준을 설명하는 글로 적합합니다.,75,스마트폰 설정 차이 차이를 이해하고 선택하는 방법,2026-05-13 13:50:12,comparison_analysis,비교/분석형
blender,블렌더 UV 맵핑 비틀림 현상 해결,perplexity_questions,problem_solving,95,low,low,2026-05-13,기존 글에 없는 UV 맵핑 트러블슈팅 주제,95,블렌더 UV 맵핑 비틀림 현상 해결 문제를 줄이는 실무 처리 순서,2026-05-13 14:49:15,error_solution,오류 해결형
python,파이썬 numpy 배열 연산 오류,perplexity_questions,problem_solving,95,low,low,2026-05-13,Set/리스트 기본과 달리 numpy 고급 연산,95,파이썬 numpy 배열 연산 오류 문제를 줄이는 실무 처리 순서,2026-05-13 14:49:15,error_solution,오류 해결형
python,python circular import 해결,google_suggest,problem_solving,95,low,low,2026-05-12,문제 해결형 검색어라 방문 의도가 강합니다.,95,python circular import 해결 자주 생기는 이유와 점검 순서,2026-05-13 14:49:15,error_solution,오류 해결형
python,python memory error 해결,google_suggest,problem_solving,95,low,low,2026-05-12,문제 해결형 검색어라 방문 의도가 강합니다.,95,python memory error 해결 해결 전에 먼저 확인할 것,2026-05-13 14:49:15,error_solution,오류 해결형
office365,chatgpt for powerpoint 사용법,google_suggest,how_to,85,low,low,2026-05-12,사용 방법을 찾는 검색어라 단계별 설명 글로 만들기 좋습니다.,85,chatgpt for powerpoint 사용법 처음 시작할 때 알아두면 좋은 사용법,2026-05-13 14:49:15,feature_explanation,기능 설명형
office365,claude in powerpoint 사용법,google_suggest,how_to,85,low,low,2026-05-12,사용 방법을 찾는 검색어라 단계별 설명 글로 만들기 좋습니다.,85,claude in powerpoint 사용법 초보자도 이해하기 쉬운 설정과 활용,2026-05-13 14:49:15,feature_explanation,기능 설명형
office365,powerpoint 기본 글꼴 변경,google_suggest,how_to,85,low,low,2026-05-12,사용 방법을 찾는 검색어라 단계별 설명 글로 만들기 좋습니다.,85,powerpoint 기본 글꼴 변경 기능과 사용 방법 쉽게 설명,2026-05-13 14:49:15,feature_explanation,기능 설명형
office365,엑셀 활용 능력 상세 설명,google_suggest,practical,80,medium,low,2026-05-12,실무 활용 의도가 강해 경험형 콘텐츠로 확장하기 좋습니다.,80,엑셀 활용 능력 상세 설명 반복 작업을 줄이는 실전 사용법,2026-05-13 14:49:15,practical_usage,실무 활용형
office365,엑셀 활용 경영 과학 pdf,google_suggest,practical,80,medium,low,2026-05-12,실무 활용 의도가 강해 경험형 콘텐츠로 확장하기 좋습니다.,80,엑셀 활용 경영 과학 pdf 반복 작업을 줄이는 실전 사용법,2026-05-13 14:49:15,practical_usage,실무 활용형
office365,엑셀 자동화 서식 모음,google_suggest,practical,80,medium,low,2026-05-12,실무 활용 의도가 강해 경험형 콘텐츠로 확장하기 좋습니다.,80,엑셀 자동화 서식 모음 반복 작업을 줄이는 실전 사용법,2026-05-13 14:49:15,practical_usage,실무 활용형
general_it,스마트폰 설정 비교,naver_suggest,comparison,75,medium,low,2026-05-12,비교 검색 의도가 있어 선택 기준을 설명하는 글로 적합합니다.,75,스마트폰 설정 비교 차이를 이해하고 선택하는 방법,2026-05-13 14:49:15,comparison_analysis,비교/분석형
office365,엑셀 비교표 만들기,naver_suggest,comparison,75,medium,low,2026-05-12,비교 검색 의도가 있어 선택 기준을 설명하는 글로 적합합니다.,75,엑셀 비교표 만들기 비교할 때 먼저 봐야 할 핵심,2026-05-13 14:49:15,comparison_analysis,비교/분석형
office365,onedrive 동기화 보류중 해결방법,google_suggest,problem_solving,100,low,low,2026-05-15,문제 해결형 검색어라 방문 의도가 강합니다.,100,onedrive 동기화 보류중 해결방법 원인과 해결 방법,2026-05-15 01:28:11,error_solution,오류 해결형
canva,캔바 애니메이션 export 오류,perplexity_questions,problem_solving,95,low,low,2026-05-15,기존 질문 전략과 무관한 export 기술 문제,95,캔바 애니메이션 export 오류 원인과 해결 방법,2026-05-15 01:28:11,error_solution,오류 해결형
notion,notion pdf 내보내기 안됨,google_suggest,problem_solving,95,low,low,2026-05-12,문제 해결형 검색어라 방문 의도가 강합니다.,95,notion pdf 내보내기 안됨 해결 전에 먼저 확인할 것,2026-05-15 01:28:11,error_solution,오류 해결형
notion,notion calendar 오류,google_suggest,problem_solving,95,low,low,2026-05-12,문제 해결형 검색어라 방문 의도가 강합니다.,95,notion calendar 오류 해결 전에 먼저 확인할 것,2026-05-15 01:28:11,error_solution,오류 해결형
unreal,언리얼엔진 LOD 설정 자동화,perplexity_questions,how_to,95,medium,low,2026-05-15,LOD 최적화 목적으로 초보 렌더링과 구분,95,언리얼엔진 LOD 설정 자동화 초보자도 이해하기 쉬운 설정과 활용,2026-05-15 01:28:11,feature_explanation,기능 설명형
notion,노션 필터 자동화 설정,perplexity_questions,how_to,95,medium,low,2026-05-15,"기존 글은 카테고리 분류만 다루고, 시간 기반 자동 필터링은 미포함",95,노션 필터 자동화 설정 기본 개념부터 적용 방법까지 정리,2026-05-15 01:28:11,feature_explanation,기능 설명형
office365,outlook copilot 사용법,google_suggest,how_to,85,low,low,2026-05-12,사용 방법을 찾는 검색어라 단계별 설명 글로 만들기 좋습니다.,85,outlook copilot 사용법 기능과 사용 방법 쉽게 설명,2026-05-15 01:28:11,feature_explanation,기능 설명형
unreal,언리얼엔진 콘솔레 명령어 정리,perplexity_questions,practical,80,medium,low,2026-05-15,고급 디버깅 도구로 UI 기본 조작과 차이,80,언리얼엔진 콘솔레 명령어 정리 작업 흐름에 맞춰 정리한 활용법,2026-05-15 01:28:11,practical_usage,실무 활용형
notion,노션 수식 함수 실무 활용,perplexity_questions,practical,80,medium,low,2026-05-15,"기존 글은 엑셀 함수만 다루고, 노션 특화 함수 활용은 미포함",80,노션 수식 함수 실무 활용 업무에 적용하는 단계별 방법,2026-05-15 01:28:11,practical_usage,실무 활용형
office365,excel 단축키 정리,google_suggest,practical,80,medium,low,2026-05-12,실무 활용 의도가 강해 경험형 콘텐츠로 확장하기 좋습니다.,80,excel 단축키 정리 업무에 적용하는 단계별 방법,2026-05-15 01:28:11,practical_usage,실무 활용형
office365,엑셀 차이값찾기 방법,naver_suggest,comparison,75,medium,low,2026-05-12,비교 검색 의도가 있어 선택 기준을 설명하는 글로 적합합니다.,75,엑셀 차이값찾기 방법 어떤 상황에서 무엇을 골라야 하는지 정리,2026-05-15 01:28:11,comparison_analysis,비교/분석형
office365,워드 비교본 만들기,google_suggest,comparison,75,medium,low,2026-05-12,비교 검색 의도가 있어 선택 기준을 설명하는 글로 적합합니다.,75,워드 비교본 만들기 차이점과 선택 기준 정리,2026-05-15 01:28:11,comparison_analysis,비교/분석형
